,DATE,CODE,ID,VOLUME_MT_ACT,GROSS_PROFIT_ACT,NET_REVENUE_ACT
0,2020-01-01,ID1,Egypt_Protein_Beefy_Retail_Grocery/Retail,171.0533216,109303.40936824348,388490.9468341661
1,2020-02-01,ID1,Egypt_Protein_Beefy_Retail_Grocery/Retail,160.19717,118826.55589498096,384678.3824964246
2,2020-03-01,ID1,Egypt_Protein_Beefy_Retail_Grocery/Retail,160.23077,107653.0497431758,411295.25232356286
3,2020-04-01,ID1,Egypt_Protein_Beefy_Retail_Grocery/Retail,125.78903,131383.669550954,447370.329139355
4,2020-05-01,ID1,Egypt_Protein_Beefy_Retail_Grocery/Retail,240.59391,166532.41482489818,674286.3889900869
5,2020-06-01,ID1,Egypt_Protein_Beefy_Retail_Grocery/Retail,222.12138,107753.2131378107,534698.548880708
6,2020-07-01,ID1,Egypt_Protein_Beefy_Retail_Grocery/Retail,236.2636502,162880.29202709743,553241.6556532173
7,2020-08-01,ID1,Egypt_Protein_Beefy_Retail_Grocery/Retail,221.51642,143148.73148899997,496571.475262517
8,2020-09-01,ID1,Egypt_Protein_Beefy_Retail_Grocery/Retail,223.6886468,168576.04407468555,531648.771116474
9,2020-10-01,ID1,Egypt_Protein_Beefy_Retail_Grocery/Retail,171.8836286,89683.92449461133,395292.5055800013
10,2020-11-01,ID1,Egypt_Protein_Beefy_Retail_Grocery/Retail,161.7522054,109664.18155047687,446194.8889315664
11,2020-12-01,ID1,Egypt_Protein_Beefy_Retail_Grocery/Retail,171.9085,123438.28570162057,372791.01207965694
12,2020-01-01,ID2,KSA_FrozenVeg-Meat_FrozenFries_FoodServices_HORECA,420.2912488,112885.39810644006,449245.1733333333
13,2020-02-01,ID2,KSA_FrozenVeg-Meat_FrozenFries_FoodServices_HORECA,378.7242494,114019.19453170276,410336.16266666725
14,2020-03-01,ID2,KSA_FrozenVeg-Meat_FrozenFries_FoodServices_HORECA,314.4894985,79136.19269117323,340034.242666666
15,2020-04-01,ID2,KSA_FrozenVeg-Meat_FrozenFries_FoodServices_HORECA,27.530500000000004,7380.272073555144,30401.8106666667
16,2020-05-01,ID2,KSA_FrozenVeg-Meat_FrozenFries_FoodServices_HORECA,58.7925,18830.637036982884,61455.0986666667
17,2020-06-01,ID2,KSA_FrozenVeg-Meat_FrozenFries_FoodServices_HORECA,251.902,21138.676405800503,239346.6026666666
18,2020-07-01,ID2,KSA_FrozenVeg-Meat_FrozenFries_FoodServices_HORECA,302.7062485,67473.57162479887,308610.54933333304
19,2020-08-01,ID2,KSA_FrozenVeg-Meat_FrozenFries_FoodServices_HORECA,261.6624994,84220.4832130389,284526.8106666664
20,2020-09-01,ID2,KSA_FrozenVeg-Meat_FrozenFries_FoodServices_HORECA,268.361,76079.72513472296,283827.434666667
21,2020-10-01,ID2,KSA_FrozenVeg-Meat_FrozenFries_FoodServices_HORECA,322.8267482,117975.72462848492,331346.506666667
22,2020-11-01,ID2,KSA_FrozenVeg-Meat_FrozenFries_FoodServices_HORECA,389.1452494,143359.62522956854,382010.52
23,2020-12-01,ID2,KSA_FrozenVeg-Meat_FrozenFries_FoodServices_HORECA,282.1435,107316.26914862578,290273.125333334
24,2020-01-01,ID3,KSA_FrozenVeg-Meat_FrozenFries_Retail_Grocery/Retail,133.74449370000002,62642.81166726871,174232.07892929568
25,2020-02-01,ID3,KSA_FrozenVeg-Meat_FrozenFries_Retail_Grocery/Retail,138.3071582,66690.33648915663,180619.5149221936
26,2020-03-01,ID3,KSA_FrozenVeg-Meat_FrozenFries_Retail_Grocery/Retail,176.7577563,80231.9790447853,229010.1460850608
27,2020-04-01,ID3,KSA_FrozenVeg-Meat_FrozenFries_Retail_Grocery/Retail,260.26374939999994,117048.61076350362,329562.2038301759
28,2020-05-01,ID3,KSA_FrozenVeg-Meat_FrozenFries_Retail_Grocery/Retail,111.11950059999998,57702.89321295552,139294.23655594717
29,2020-06-01,ID3,KSA_FrozenVeg-Meat_FrozenFries_Retail_Grocery/Retail,160.6937518,45936.99135305145,185330.7459864888
30,2020-07-01,ID3,KSA_FrozenVeg-Meat_FrozenFries_Retail_Grocery/Retail,122.4912479,59606.46023145232,157781.93022953763
31,2020-08-01,ID3,KSA_FrozenVeg-Meat_FrozenFries_Retail_Grocery/Retail,114.3120009,62899.08439965146,149217.83528324598
32,2020-09-01,ID3,KSA_FrozenVeg-Meat_FrozenFries_Retail_Grocery/Retail,130.9017503,65797.03182752822,168575.66097329135
33,2020-10-01,ID3,KSA_FrozenVeg-Meat_FrozenFries_Retail_Grocery/Retail,119.8789961,67448.62397014743,152432.81390402134
34,2020-11-01,ID3,KSA_FrozenVeg-Meat_FrozenFries_Retail_Grocery/Retail,126.6032494,76353.831396578,160012.58810800553
35,2020-12-01,ID3,KSA_FrozenVeg-Meat_FrozenFries_Retail_Grocery/Retail,112.6890033,68046.20681012448,143842.47041674436
36,2020-01-01,ID4,KSA_FrozenVeg-Meat_FrozenFries_Retail_ModernTrade,276.1086385,31930.844378787617,260136.2128517068
37,2020-02-01,ID4,KSA_FrozenVeg-Meat_FrozenFries_Retail_ModernTrade,335.4664991,44848.331493979145,321404.87099291774
38,2020-03-01,ID4,KSA_FrozenVeg-Meat_FrozenFries_Retail_ModernTrade,417.1617452,69398.99122228194,430605.7203716772
39,2020-04-01,ID4,KSA_FrozenVeg-Meat_FrozenFries_Retail_ModernTrade,538.0434973,51966.655783608,493767.44802571787
40,2020-05-01,ID4,KSA_FrozenVeg-Meat_FrozenFries_Retail_ModernTrade,229.8777449,77813.97124763242,243133.80415108
41,2020-06-01,ID4,KSA_FrozenVeg-Meat_FrozenFries_Retail_ModernTrade,355.3132464,70192.90312157766,377388.7688880529
42,2020-07-01,ID4,KSA_FrozenVeg-Meat_FrozenFries_Retail_ModernTrade,353.6127464,89847.97114714887,369491.892926815
43,2020-08-01,ID4,KSA_FrozenVeg-Meat_FrozenFries_Retail_ModernTrade,289.5663417,39112.58451526625,260137.67828300328
44,2020-09-01,ID4,KSA_FrozenVeg-Meat_FrozenFries_Retail_ModernTrade,393.9022452,75574.23304353726,375289.838014114
45,2020-10-01,ID4,KSA_FrozenVeg-Meat_FrozenFries_Retail_ModernTrade,331.1347524,39579.16376489625,272965.1835851235
46,2020-11-01,ID4,KSA_FrozenVeg-Meat_FrozenFries_Retail_ModernTrade,353.93034939999995,51352.388785259696,285470.0087504462
47,2020-12-01,ID4,KSA_FrozenVeg-Meat_FrozenFries_Retail_ModernTrade,154.55228895,63409.67662228152,171818.49955741
48,2020-01-01,ID5,KSA_FrozenVeg-Meat_FrozenFries_Wholesale_Wholesale,1187.6532494,241560.19333322588,1180197.1579999994
49,2020-02-01,ID5,KSA_FrozenVeg-Meat_FrozenFries_Wholesale_Wholesale,1309.745,287004.4478042153,1313788.0434933335
50,2020-03-01,ID5,KSA_FrozenVeg-Meat_FrozenFries_Wholesale_Wholesale,1142.8507,191548.98042400903,1123964.2294666667
51,2020-04-01,ID5,KSA_FrozenVeg-Meat_FrozenFries_Wholesale_Wholesale,272.7954,66985.81273552003,285857.7954666674
52,2020-05-01,ID5,KSA_FrozenVeg-Meat_FrozenFries_Wholesale_Wholesale,214.7755,54799.62663768872,207970.78933333367
53,2020-06-01,ID5,KSA_FrozenVeg-Meat_FrozenFries_Wholesale_Wholesale,933.471,88495.72062659501,879088.7946666669
54,2020-07-01,ID5,KSA_FrozenVeg-Meat_FrozenFries_Wholesale_Wholesale,1061.607,170334.40674922056,991650.7253333334
55,2020-08-01,ID5,KSA_FrozenVeg-Meat_FrozenFries_Wholesale_Wholesale,946.1959053,215445.4541096529,921231.6414933332
56,2020-09-01,ID5,KSA_FrozenVeg-Meat_FrozenFries_Wholesale_Wholesale,1056.3295,183255.1539537089,994033.624
57,2020-10-01,ID5,KSA_FrozenVeg-Meat_FrozenFries_Wholesale_Wholesale,1107.2075,290964.44650975364,1020280.1679999992
58,2020-11-01,ID5,KSA_FrozenVeg-Meat_FrozenFries_Wholesale_Wholesale,1038.6224,318792.71873781644,966790.021333333
59,2020-12-01,ID5,KSA_FrozenVeg-Meat_FrozenFries_Wholesale_Wholesale,1090.14325,292317.29719841026,992375.8026666668
60,2020-01-01,ID6,KSA_FrozenVeg-Meat_FrozenVegetables_Retail_ModernTrade,108.749412,84796.9627135081,224183.0921256706
61,2020-02-01,ID6,KSA_FrozenVeg-Meat_FrozenVegetables_Retail_ModernTrade,137.1159798,87071.66104777018,246387.24154238493
62,2020-03-01,ID6,KSA_FrozenVeg-Meat_FrozenVegetables_Retail_ModernTrade,279.33664404,207276.00461039777,525292.8215240353
63,2020-04-01,ID6,KSA_FrozenVeg-Meat_FrozenVegetables_Retail_ModernTrade,292.25383656,172172.78048549197,500848.81125322456
64,2020-05-01,ID6,KSA_FrozenVeg-Meat_FrozenVegetables_Retail_ModernTrade,104.11196048,110255.77220547084,207790.2902965552
65,2020-06-01,ID6,KSA_FrozenVeg-Meat_FrozenVegetables_Retail_ModernTrade,157.01344856,141857.27268748695,310755.410847893
66,2020-07-01,ID6,KSA_FrozenVeg-Meat_FrozenVegetables_Retail_ModernTrade,138.73030588,135699.21533575535,291757.43492617365
67,2020-08-01,ID6,KSA_FrozenVeg-Meat_FrozenVegetables_Retail_ModernTrade,127.46599756,100767.76249112056,242164.79995624203
68,2020-09-01,ID6,KSA_FrozenVeg-Meat_FrozenVegetables_Retail_ModernTrade,179.5067538,141391.6869522416,352954.03427953256
69,2020-10-01,ID6,KSA_FrozenVeg-Meat_FrozenVegetables_Retail_ModernTrade,161.08786696,77710.47235269342,263629.09790165984
70,2020-11-01,ID6,KSA_FrozenVeg-Meat_FrozenVegetables_Retail_ModernTrade,135.54685088,51412.62947069791,212631.2356206531
71,2020-12-01,ID6,KSA_FrozenVeg-Meat_FrozenVegetables_Retail_ModernTrade,89.4317042,78818.81838879357,182830.1350761592
72,2020-01-01,ID16,KSA_Protein_Mutton_Retail_Grocery/Retail,44.7626887696,71606.28709967902,148119.62397489653
73,2020-02-01,ID16,KSA_Protein_Mutton_Retail_Grocery/Retail,46.1159403728,69344.30817722458,149243.99750402474
74,2020-03-01,ID16,KSA_Protein_Mutton_Retail_Grocery/Retail,66.6514136672,97909.78269964267,204394.9425766532
75,2020-04-01,ID16,KSA_Protein_Mutton_Retail_Grocery/Retail,236.6413617936,329265.7445461753,669267.7773162631
76,2020-05-01,ID16,KSA_Protein_Mutton_Retail_Grocery/Retail,95.5131136544,166318.08705082937,309167.6231643806
77,2020-06-01,ID16,KSA_Protein_Mutton_Retail_Grocery/Retail,60.648747944,106871.77510476182,230442.53978606628
78,2020-07-01,ID16,KSA_Protein_Mutton_Retail_Grocery/Retail,39.478902368,73242.1376466276,153337.92612990554
79,2020-08-01,ID16,KSA_Protein_Mutton_Retail_Grocery/Retail,38.925714932800005,73206.20182777662,150480.53411321994
80,2020-09-01,ID16,KSA_Protein_Mutton_Retail_Grocery/Retail,42.3311750032,74195.50290026564,164223.62391849142
81,2020-10-01,ID16,KSA_Protein_Mutton_Retail_Grocery/Retail,40.290965768,70269.55592834642,151341.5524604375
82,2020-11-01,ID16,KSA_Protein_Mutton_Retail_Grocery/Retail,41.6751250576,74203.91481001522,160554.79169252692
83,2020-12-01,ID16,KSA_Protein_Mutton_Retail_Grocery/Retail,40.9011880096,70776.46755293533,152790.48271684488
84,2020-01-01,ID20,KSA_Protein_Mutton_Retail_ModernTrade,74.5305673248,58657.971618641175,198371.2640703138
85,2020-02-01,ID20,KSA_Protein_Mutton_Retail_ModernTrade,78.5185935184,45961.81228283183,189327.300529444
86,2020-03-01,ID20,KSA_Protein_Mutton_Retail_ModernTrade,198.6491600528,141408.8540306336,434702.00054770126
87,2020-04-01,ID20,KSA_Protein_Mutton_Retail_ModernTrade,355.3819957424,159341.98098218322,617837.8100054123
88,2020-05-01,ID20,KSA_Protein_Mutton_Retail_ModernTrade,74.8351519536,95390.2946820661,221710.68598350984
89,2020-06-01,ID20,KSA_Protein_Mutton_Retail_ModernTrade,73.133633144,76188.14544172269,215142.96332622456
90,2020-07-01,ID20,KSA_Protein_Mutton_Retail_ModernTrade,70.625888952,85049.14542570944,233087.28290128088
91,2020-08-01,ID20,KSA_Protein_Mutton_Retail_ModernTrade,55.8698427232,49522.17634371512,163538.01940127223
92,2020-09-01,ID20,KSA_Protein_Mutton_Retail_ModernTrade,81.32532170879999,55258.412656581175,208070.00163183617
93,2020-10-01,ID20,KSA_Protein_Mutton_Retail_ModernTrade,64.889259736,37416.39474945769,170854.5087940327
94,2020-11-01,ID20,KSA_Protein_Mutton_Retail_ModernTrade,67.1537265424,23911.748749678834,149947.74142018257
95,2020-12-01,ID20,KSA_Protein_Mutton_Retail_ModernTrade,55.6610052352,63041.15502652093,174867.62546270786
96,2020-01-01,ID8,KSA_Protein_Mutton_Wholesale_Wholesale,218.70769408,133094.51080958336,353841.3869749334
97,2020-02-01,ID8,KSA_Protein_Mutton_Wholesale_Wholesale,201.301956,127255.73716504428,333879.45969599974
98,2020-03-01,ID8,KSA_Protein_Mutton_Wholesale_Wholesale,449.26568736,247067.8804216508,671459.2884000001
99,2020-04-01,ID8,KSA_Protein_Mutton_Wholesale_Wholesale,899.6325202239999,521985.2685076216,1351094.9816000035
100,2020-05-01,ID8,KSA_Protein_Mutton_Wholesale_Wholesale,347.343919744,223719.78674998667,540228.3832533333
101,2020-06-01,ID8,KSA_Protein_Mutton_Wholesale_Wholesale,164.580792192,110079.25267121672,302587.29
102,2020-07-01,ID8,KSA_Protein_Mutton_Wholesale_Wholesale,127.40501152,87141.65021206107,225989.0457333331
103,2020-08-01,ID8,KSA_Protein_Mutton_Wholesale_Wholesale,121.150802848,81000.58239192421,211259.45378666636
104,2020-09-01,ID8,KSA_Protein_Mutton_Wholesale_Wholesale,180.49962416,98459.4731391022,286590.2925599997
105,2020-10-01,ID8,KSA_Protein_Mutton_Wholesale_Wholesale,121.93636,87196.9228309699,232527.63866666655
106,2020-11-01,ID8,KSA_Protein_Mutton_Wholesale_Wholesale,216.570487776,122423.12196295148,347654.88893333334
107,2020-12-01,ID8,KSA_Protein_Mutton_Wholesale_Wholesale,163.0420671152,104365.1962341962,277875.0456800004
108,2020-01-01,ID9,KSA_Protein_Seafood(Protein)_FoodServices_HORECA,29.7022,151901.32758337163,352286.304
109,2020-02-01,ID9,KSA_Protein_Seafood(Protein)_FoodServices_HORECA,12.4085,38554.98219245488,124499.80266666668
110,2020-03-01,ID9,KSA_Protein_Seafood(Protein)_FoodServices_HORECA,11.487,28323.12893443848,107057.632
111,2020-04-01,ID9,KSA_Protein_Seafood(Protein)_FoodServices_HORECA,5.202649999999999,15256.706127482174,60944.87199999993
112,2020-05-01,ID9,KSA_Protein_Seafood(Protein)_FoodServices_HORECA,5.80635,15270.81925578056,70137.2773333333
113,2020-06-01,ID9,KSA_Protein_Seafood(Protein)_FoodServices_HORECA,26.24575,80557.12852200339,297294.40799999994
114,2020-07-01,ID9,KSA_Protein_Seafood(Protein)_FoodServices_HORECA,31.4965,116843.35358193924,367943.3813333332
115,2020-08-01,ID9,KSA_Protein_Seafood(Protein)_FoodServices_HORECA,25.3777996,105866.88121906012,301195.55466666643
116,2020-09-01,ID9,KSA_Protein_Seafood(Protein)_FoodServices_HORECA,25.1714,101059.436592571,307184.4426666664
117,2020-10-01,ID9,KSA_Protein_Seafood(Protein)_FoodServices_HORECA,26.261,126224.99915913586,324957.70400000026
118,2020-11-01,ID9,KSA_Protein_Seafood(Protein)_FoodServices_HORECA,29.1696,144684.41626636905,359191.33866666665
119,2020-12-01,ID9,KSA_Protein_Seafood(Protein)_FoodServices_HORECA,30.2711,144966.9444879385,376825.1840000003
120,2020-01-01,ID10,KSA_Protein_Seafood(Protein)_Retail_Grocery/Retail,10.16964678,30538.162768904585,86356.11602285012
121,2020-02-01,ID10,KSA_Protein_Seafood(Protein)_Retail_Grocery/Retail,3.2042335,-6839.669876744772,8689.069006442525
122,2020-03-01,ID10,KSA_Protein_Seafood(Protein)_Retail_Grocery/Retail,13.43432134,22826.619219498887,92975.49049077646
123,2020-04-01,ID10,KSA_Protein_Seafood(Protein)_Retail_Grocery/Retail,31.11045754,114998.41290383622,348931.91935745755
124,2020-05-01,ID10,KSA_Protein_Seafood(Protein)_Retail_Grocery/Retail,15.18995774,61771.88311660518,178182.13158692425
125,2020-06-01,ID10,KSA_Protein_Seafood(Protein)_Retail_Grocery/Retail,27.16516768,95594.43849024692,283332.4336043094
126,2020-07-01,ID10,KSA_Protein_Seafood(Protein)_Retail_Grocery/Retail,32.44436762,129066.02981309895,324779.36257127044
127,2020-08-01,ID10,KSA_Protein_Seafood(Protein)_Retail_Grocery/Retail,30.31972136,114515.6913024122,270607.46864676394
128,2020-09-01,ID10,KSA_Protein_Seafood(Protein)_Retail_Grocery/Retail,30.54017008,102710.78333852104,277218.1779121875
129,2020-10-01,ID10,KSA_Protein_Seafood(Protein)_Retail_Grocery/Retail,28.64245214,125070.84573543163,283821.80389552505
130,2020-11-01,ID10,KSA_Protein_Seafood(Protein)_Retail_Grocery/Retail,23.06129148,117404.25325361924,247853.92460715663
131,2020-12-01,ID10,KSA_Protein_Seafood(Protein)_Retail_Grocery/Retail,22.49279378,108900.20830900603,227125.0571157879
132,2020-01-01,ID11,KSA_Protein_Turkey_Retail_ModernTrade,5.93639604,6975.765318649768,24543.565776703083
133,2020-02-01,ID11,KSA_Protein_Turkey_Retail_ModernTrade,5.46839856,7371.787713877347,24556.0492882896
134,2020-03-01,ID11,KSA_Protein_Turkey_Retail_ModernTrade,30.40492572,157637.01150240962,354356.7215892191
135,2020-04-01,ID11,KSA_Protein_Turkey_Retail_ModernTrade,28.67969988,119456.24965834172,294508.5372173459
136,2020-05-01,ID11,KSA_Protein_Turkey_Retail_ModernTrade,13.415400000000002,68143.41524922027,143147.17950658544
137,2020-06-01,ID11,KSA_Protein_Turkey_Retail_ModernTrade,19.4082,76823.07804769716,193344.6845013824
138,2020-07-01,ID11,KSA_Protein_Turkey_Retail_ModernTrade,22.10489928,63711.42573911801,202582.3723604192
139,2020-08-01,ID11,KSA_Protein_Turkey_Retail_ModernTrade,20.3109,48914.0041234516,169078.9621678684
140,2020-09-01,ID11,KSA_Protein_Turkey_Retail_ModernTrade,24.21420096,58095.14746486108,217703.49788397524
141,2020-10-01,ID11,KSA_Protein_Turkey_Retail_ModernTrade,27.54899868,46419.5611116127,217224.1327098893
142,2020-11-01,ID11,KSA_Protein_Turkey_Retail_ModernTrade,19.13925,27311.137718219663,158211.4600737921
143,2020-12-01,ID11,KSA_Protein_Turkey_Retail_ModernTrade,20.79209916,83760.31151354831,225018.51307898096
144,2020-01-01,ID12,Kuwait_Protein_Beef_Retail_ModernTrade,362.8813376884,943940.6048630802,2020817.1662043645
145,2020-02-01,ID12,Kuwait_Protein_Beef_Retail_ModernTrade,276.292780704,669793.5179840589,1510432.130000306
146,2020-03-01,ID12,Kuwait_Protein_Beef_Retail_ModernTrade,372.5494817968,985623.8636135554,2103735.6803916357
147,2020-04-01,ID12,Kuwait_Protein_Beef_Retail_ModernTrade,533.6173554672,1453877.9946463157,3014593.855796468
148,2020-05-01,ID12,Kuwait_Protein_Beef_Retail_ModernTrade,351.3880242836,1115194.322952531,2108883.316946093
149,2020-06-01,ID12,Kuwait_Protein_Beef_Retail_ModernTrade,394.4479660676,1186799.6122816692,2441183.893589114
150,2020-07-01,ID12,Kuwait_Protein_Beef_Retail_ModernTrade,387.735150652,1095556.4322061862,2224584.8024264574
151,2020-08-01,ID12,Kuwait_Protein_Beef_Retail_ModernTrade,355.9242214216,995278.6479397212,1986612.4851149975
152,2020-09-01,ID12,Kuwait_Protein_Beef_Retail_ModernTrade,349.2596165304,924652.1501974516,1948909.5105544075
153,2020-10-01,ID12,Kuwait_Protein_Beef_Retail_ModernTrade,342.2808108312,929410.0697221912,1896271.070053526
154,2020-11-01,ID12,Kuwait_Protein_Beef_Retail_ModernTrade,383.0023355604,901672.6098368504,1993468.645349996
155,2020-12-01,ID12,Kuwait_Protein_Beef_Retail_ModernTrade,264.6976783564,647751.4337650348,1405560.9423385626
156,2020-01-01,ID7,Kuwait_Protein_Chicken_FoodServices_HORECA,62.29394,55136.31707457166,248964.57576758004
157,2020-02-01,ID7,Kuwait_Protein_Chicken_FoodServices_HORECA,67.31698,65172.35289346233,257229.778804886
158,2020-03-01,ID7,Kuwait_Protein_Chicken_FoodServices_HORECA,40.43298,47507.12902881094,148552.855727963
159,2020-04-01,ID7,Kuwait_Protein_Chicken_FoodServices_HORECA,4.8458,10141.429118663054,24863.21228128096
160,2020-05-01,ID7,Kuwait_Protein_Chicken_FoodServices_HORECA,0.975,3129.2158001089515,5556.850445691641
161,2020-06-01,ID7,Kuwait_Protein_Chicken_FoodServices_HORECA,13.468,12177.46859780575,52438.75866622645
162,2020-07-01,ID7,Kuwait_Protein_Chicken_FoodServices_HORECA,31.3399,35246.81632024552,116712.63783426874
163,2020-08-01,ID7,Kuwait_Protein_Chicken_FoodServices_HORECA,23.70742,32245.66425185172,82940.58104985156
164,2020-09-01,ID7,Kuwait_Protein_Chicken_FoodServices_HORECA,46.26572,45463.49555946666,174450.28062066672
165,2020-10-01,ID7,Kuwait_Protein_Chicken_FoodServices_HORECA,59.541340000000005,64573.79882046821,212540.99372730264
166,2020-11-01,ID7,Kuwait_Protein_Chicken_FoodServices_HORECA,77.91806,87434.62782860678,275130.27401782724
167,2020-12-01,ID7,Kuwait_Protein_Chicken_FoodServices_HORECA,73.52112,83896.40909271817,288496.09772202035
168,2020-01-01,ID14,Kuwait_Protein_Chicken_Retail_Grocery/Retail,53.3160985763,125975.1151297576,263680.63042215747
169,2020-02-01,ID14,Kuwait_Protein_Chicken_Retail_Grocery/Retail,51.478780432,101124.68955117112,232772.39495843492
170,2020-03-01,ID14,Kuwait_Protein_Chicken_Retail_Grocery/Retail,62.6779045757,160979.5465778113,315625.0046786862
171,2020-04-01,ID14,Kuwait_Protein_Chicken_Retail_Grocery/Retail,67.4850342228,226958.00538734763,395201.50561705953
172,2020-05-01,ID14,Kuwait_Protein_Chicken_Retail_Grocery/Retail,47.8790331825,172244.77053820697,293272.14306894015
173,2020-06-01,ID14,Kuwait_Protein_Chicken_Retail_Grocery/Retail,81.701508011,240281.6861085544,453715.9607864203
174,2020-07-01,ID14,Kuwait_Protein_Chicken_Retail_Grocery/Retail,120.1210042342,263718.91334899346,546773.3394261111
175,2020-08-01,ID14,Kuwait_Protein_Chicken_Retail_Grocery/Retail,85.5649673208,215362.2363838601,409107.644168006
176,2020-09-01,ID14,Kuwait_Protein_Chicken_Retail_Grocery/Retail,64.3473423279,174754.55375569407,337264.3706012552
177,2020-10-01,ID14,Kuwait_Protein_Chicken_Retail_Grocery/Retail,102.7123108361,171311.32718687772,397863.51707911055
178,2020-11-01,ID14,Kuwait_Protein_Chicken_Retail_Grocery/Retail,113.6573711785,174606.08889741116,417596.9093613012
179,2020-12-01,ID14,Kuwait_Protein_Chicken_Retail_Grocery/Retail,103.2281019128,140456.884169183,356008.76097722445
180,2020-01-01,ID15,Kuwait_Protein_Chicken_Retail_ModernTrade,631.4809063221,2391850.9672294017,4194885.269402518
181,2020-02-01,ID15,Kuwait_Protein_Chicken_Retail_ModernTrade,588.834016086,1839549.2885521324,3473667.1163463914
182,2020-03-01,ID15,Kuwait_Protein_Chicken_Retail_ModernTrade,811.4959982478,2853054.376775033,4998347.9679382965
183,2020-04-01,ID15,Kuwait_Protein_Chicken_Retail_ModernTrade,985.7172757194,4232576.98478405,6971381.710689813
184,2020-05-01,ID15,Kuwait_Protein_Chicken_Retail_ModernTrade,898.9950095272,3838708.940836056,6228733.795809194
185,2020-06-01,ID15,Kuwait_Protein_Chicken_Retail_ModernTrade,1081.960175027,4087149.534611682,7131938.001198516
186,2020-07-01,ID15,Kuwait_Protein_Chicken_Retail_ModernTrade,1070.2146840257,3755812.5333015015,6618465.548823447
187,2020-08-01,ID15,Kuwait_Protein_Chicken_Retail_ModernTrade,842.5161384785,3092845.8121176264,5220138.967049338
188,2020-09-01,ID15,Kuwait_Protein_Chicken_Retail_ModernTrade,894.4449281983,2643294.318193036,4825141.968634895
189,2020-10-01,ID15,Kuwait_Protein_Chicken_Retail_ModernTrade,1111.6962824751,2616831.462771246,5166168.109679078
190,2020-11-01,ID15,Kuwait_Protein_Chicken_Retail_ModernTrade,1134.0802783741,2313615.598144491,4746161.341876149
191,2020-12-01,ID15,Kuwait_Protein_Chicken_Retail_ModernTrade,686.2292876928,1508809.964234281,3036766.2004196704
192,2020-01-01,ID13,Kuwait_Protein_Mutton_Retail_ModernTrade,35.38117892,53467.27023947913,161993.30538682058
193,2020-02-01,ID13,Kuwait_Protein_Mutton_Retail_ModernTrade,36.333120972,59896.148600322726,173707.4647938777
194,2020-03-01,ID13,Kuwait_Protein_Mutton_Retail_ModernTrade,39.026342592,73988.0037711408,196828.63970132027
195,2020-04-01,ID13,Kuwait_Protein_Mutton_Retail_ModernTrade,69.06694144800001,140635.73013546338,350768.1820028114
196,2020-05-01,ID13,Kuwait_Protein_Mutton_Retail_ModernTrade,59.240678592,120590.5707132598,285091.8852651711
197,2020-06-01,ID13,Kuwait_Protein_Mutton_Retail_ModernTrade,63.435388288,119505.43878197756,315969.46877478267
198,2020-07-01,ID13,Kuwait_Protein_Mutton_Retail_ModernTrade,42.886605404,72231.48602908893,199793.48624532364
199,2020-08-01,ID13,Kuwait_Protein_Mutton_Retail_ModernTrade,41.729865732,73683.7576645543,198285.73226769385
200,2020-09-01,ID13,Kuwait_Protein_Mutton_Retail_ModernTrade,34.564672096,50164.68944108639,164279.72510260876
201,2020-10-01,ID13,Kuwait_Protein_Mutton_Retail_ModernTrade,29.926405172,49117.69503767005,146135.42552183446
202,2020-11-01,ID13,Kuwait_Protein_Mutton_Retail_ModernTrade,33.417086728,46142.094226187786,154149.66708189424
203,2020-12-01,ID13,Kuwait_Protein_Mutton_Retail_ModernTrade,26.48096976,21728.36639673334,112815.51954426886
204,2020-01-01,ID17,Kuwait_Protein_Seafood(Protein)_Retail_ModernTrade,42.02986618,170908.9130334843,388515.82445960486
205,2020-02-01,ID17,Kuwait_Protein_Seafood(Protein)_Retail_ModernTrade,26.85722262,71182.69892258466,214240.19304392324
206,2020-03-01,ID17,Kuwait_Protein_Seafood(Protein)_Retail_ModernTrade,33.57701908,138745.85477331767,288496.19522912183
207,2020-04-01,ID17,Kuwait_Protein_Seafood(Protein)_Retail_ModernTrade,47.36577658,200981.87735008475,406658.0130235701
208,2020-05-01,ID17,Kuwait_Protein_Seafood(Protein)_Retail_ModernTrade,79.6231908,485636.0531536517,865519.3406162296
209,2020-06-01,ID17,Kuwait_Protein_Seafood(Protein)_Retail_ModernTrade,47.247554,191649.21348566705,409935.1959883705
210,2020-07-01,ID17,Kuwait_Protein_Seafood(Protein)_Retail_ModernTrade,74.9046526,412549.2931373279,821441.9389660447
211,2020-08-01,ID17,Kuwait_Protein_Seafood(Protein)_Retail_ModernTrade,42.21710744,208105.48866072448,420254.33911058464
212,2020-09-01,ID17,Kuwait_Protein_Seafood(Protein)_Retail_ModernTrade,42.69567536,228114.7896073876,462231.0200897321
213,2020-10-01,ID17,Kuwait_Protein_Seafood(Protein)_Retail_ModernTrade,37.55839952,171222.06527981735,340034.96955474146
214,2020-11-01,ID17,Kuwait_Protein_Seafood(Protein)_Retail_ModernTrade,28.5882187,142366.47669141955,284014.2843128331
215,2020-12-01,ID17,Kuwait_Protein_Seafood(Protein)_Retail_ModernTrade,21.36045232,83254.19058558402,174680.38667585247
216,2020-01-01,ID18,Kuwait_Protein_Turkey_Retail_ModernTrade,12.94398358,101090.67312386072,199559.27933762484
217,2020-02-01,ID18,Kuwait_Protein_Turkey_Retail_ModernTrade,10.32728126,64737.76120599689,150728.27064150188
218,2020-03-01,ID18,Kuwait_Protein_Turkey_Retail_ModernTrade,10.45619602,97890.68897767588,166514.21093965552
219,2020-04-01,ID18,Kuwait_Protein_Turkey_Retail_ModernTrade,17.4340353,168670.76336585605,285069.6041930169
220,2020-05-01,ID18,Kuwait_Protein_Turkey_Retail_ModernTrade,15.71510996,140126.35906887698,260084.0682411064
221,2020-06-01,ID18,Kuwait_Protein_Turkey_Retail_ModernTrade,18.14385738,168599.20630442523,302538.7947657621
222,2020-07-01,ID18,Kuwait_Protein_Turkey_Retail_ModernTrade,17.813632300000002,159117.37619666816,293768.7069573224
223,2020-08-01,ID18,Kuwait_Protein_Turkey_Retail_ModernTrade,14.03364346,128751.36622098256,232576.10464239217
224,2020-09-01,ID18,Kuwait_Protein_Turkey_Retail_ModernTrade,13.47918502,109575.91577105162,217558.76709378808
225,2020-10-01,ID18,Kuwait_Protein_Turkey_Retail_ModernTrade,12.24147644,106230.81617868786,201998.57532541757
226,2020-11-01,ID18,Kuwait_Protein_Turkey_Retail_ModernTrade,12.50688438,80157.81695450303,190831.55601728815
227,2020-12-01,ID18,Kuwait_Protein_Turkey_Retail_ModernTrade,8.96693868,66854.98159935794,136932.58523045096
228,2020-01-01,ID19,LowerGulf_Protein_Chicken_FoodServices_HORECA,27.22686,32443.37780150347,93929.1902173914
229,2020-02-01,ID19,LowerGulf_Protein_Chicken_FoodServices_HORECA,35.30948,33413.189566705194,110207.9891304348
230,2020-03-01,ID19,LowerGulf_Protein_Chicken_FoodServices_HORECA,24.21944,19307.82676057812,69516.152173913
231,2020-04-01,ID19,LowerGulf_Protein_Chicken_FoodServices_HORECA,11.7785,10213.651234872725,32717.597826086952
232,2020-05-01,ID19,LowerGulf_Protein_Chicken_FoodServices_HORECA,51.1494,39871.193691171895,144999.69565217395
233,2020-06-01,ID19,LowerGulf_Protein_Chicken_FoodServices_HORECA,26.51652,18040.42877124979,69310.35326086966
234,2020-07-01,ID19,LowerGulf_Protein_Chicken_FoodServices_HORECA,68.96007999999999,22815.40644036341,142495.08152173925
235,2020-08-01,ID19,LowerGulf_Protein_Chicken_FoodServices_HORECA,49.88004,21242.654978546325,107607.13315217396
236,2020-09-01,ID19,LowerGulf_Protein_Chicken_FoodServices_HORECA,50.26868,18498.63492020668,108594.08967391308
237,2020-10-01,ID19,LowerGulf_Protein_Chicken_FoodServices_HORECA,26.42184,17796.540599438627,67755.99184782608
238,2020-11-01,ID19,LowerGulf_Protein_Chicken_FoodServices_HORECA,22.56766,23730.284864189947,64683.60054347824
239,2020-12-01,ID19,LowerGulf_Protein_Chicken_FoodServices_HORECA,11.77804,19391.87377076014,44446.83152173912
240,2021-01-01,ID1,Egypt_Protein_Beefy_Retail_Grocery/Retail,178.60752,82553.12340932718,322546.6090849887
241,2021-02-01,ID1,Egypt_Protein_Beefy_Retail_Grocery/Retail,131.76544,96537.83995626582,337341.8568462209
242,2021-03-01,ID1,Egypt_Protein_Beefy_Retail_Grocery/Retail,138.52298,103175.38194179558,386895.9263624231
243,2021-04-01,ID1,Egypt_Protein_Beefy_Retail_Grocery/Retail,228.466036,156848.3427451406,591515.743841358
244,2021-05-01,ID1,Egypt_Protein_Beefy_Retail_Grocery/Retail,171.86439,93364.2057252301,435408.9997242714
245,2021-06-01,ID1,Egypt_Protein_Beefy_Retail_Grocery/Retail,146.206,116064.33186732153,380405.5659083128
246,2021-07-01,ID1,Egypt_Protein_Beefy_Retail_Grocery/Retail,230.66206,132255.29031498963,420625.3969101594
247,2021-08-01,ID1,Egypt_Protein_Beefy_Retail_Grocery/Retail,269.3984875,156037.89865368372,522896.29838649055
248,2021-09-01,ID1,Egypt_Protein_Beefy_Retail_Grocery/Retail,261.1743451,146354.6845027951,507705.4309266048
249,2021-10-01,ID1,Egypt_Protein_Beefy_Retail_Grocery/Retail,203.2113255,125984.27618748252,449512.5322209143
250,2021-11-01,ID1,Egypt_Protein_Beefy_Retail_Grocery/Retail,184.7479978,126949.9379852809,531344.8963231463
251,2021-12-01,ID1,Egypt_Protein_Beefy_Retail_Grocery/Retail,154.66302,32417.895476857982,320607.434544675
252,2021-01-01,ID2,KSA_FrozenVeg-Meat_FrozenFries_FoodServices_HORECA,360.603997,109361.53466344824,359890.0800000007
253,2021-02-01,ID2,KSA_FrozenVeg-Meat_FrozenFries_FoodServices_HORECA,252.211497,85799.13861170944,265561.71200000006
254,2021-03-01,ID2,KSA_FrozenVeg-Meat_FrozenFries_FoodServices_HORECA,270.8052485,86513.40601777793,285002.4479999994
255,2021-04-01,ID2,KSA_FrozenVeg-Meat_FrozenFries_FoodServices_HORECA,171.6174991,55459.80330708089,180025.99199999997
256,2021-05-01,ID2,KSA_FrozenVeg-Meat_FrozenFries_FoodServices_HORECA,245.123,80244.24869708327,258591.904
257,2021-06-01,ID2,KSA_FrozenVeg-Meat_FrozenFries_FoodServices_HORECA,370.5197503,91951.57003669968,366003.45285152906
258,2021-07-01,ID2,KSA_FrozenVeg-Meat_FrozenFries_FoodServices_HORECA,336.0072479,78708.71347158996,330593.16619743267
259,2021-08-01,ID2,KSA_FrozenVeg-Meat_FrozenFries_FoodServices_HORECA,336.73025,85328.01974034772,328022.1679999997
260,2021-09-01,ID2,KSA_FrozenVeg-Meat_FrozenFries_FoodServices_HORECA,330.00175,100504.3848774696,329268.4399999997
261,2021-10-01,ID2,KSA_FrozenVeg-Meat_FrozenFries_FoodServices_HORECA,328.331,89051.01499711156,331943.3520000001
262,2021-11-01,ID2,KSA_FrozenVeg-Meat_FrozenFries_FoodServices_HORECA,341.289,71402.18168115136,349321.62600000034
263,2021-12-01,ID2,KSA_FrozenVeg-Meat_FrozenFries_FoodServices_HORECA,359.00675,33040.37554572182,367267.4853333334
264,2021-01-01,ID3,KSA_FrozenVeg-Meat_FrozenFries_Retail_Grocery/Retail,124.9162446,67249.77098425254,160184.85079515708
265,2021-02-01,ID3,KSA_FrozenVeg-Meat_FrozenFries_Retail_Grocery/Retail,115.2789991,63966.57058824415,148739.2353586313
266,2021-03-01,ID3,KSA_FrozenVeg-Meat_FrozenFries_Retail_Grocery/Retail,118.5025009,63086.601728204114,152993.79331393703
267,2021-04-01,ID3,KSA_FrozenVeg-Meat_FrozenFries_Retail_Grocery/Retail,98.7902497,54617.93420630876,131603.33126000268
268,2021-05-01,ID3,KSA_FrozenVeg-Meat_FrozenFries_Retail_Grocery/Retail,84.9376187,47876.90869166052,114957.34538936244
269,2021-06-01,ID3,KSA_FrozenVeg-Meat_FrozenFries_Retail_Grocery/Retail,111.1290051,58930.6598881814,148031.69857252648
270,2021-07-01,ID3,KSA_FrozenVeg-Meat_FrozenFries_Retail_Grocery/Retail,98.7070033,48631.608798933536,128460.79480689892
271,2021-08-01,ID3,KSA_FrozenVeg-Meat_FrozenFries_Retail_Grocery/Retail,106.1733771,52972.53392351389,135169.20807332837
272,2021-09-01,ID3,KSA_FrozenVeg-Meat_FrozenFries_Retail_Grocery/Retail,99.3432515,51431.94589836196,128045.5790950981
273,2021-10-01,ID3,KSA_FrozenVeg-Meat_FrozenFries_Retail_Grocery/Retail,115.5617518,48846.55394886388,143772.98088219838
274,2021-11-01,ID3,KSA_FrozenVeg-Meat_FrozenFries_Retail_Grocery/Retail,108.6280087,39661.09235392923,136052.80327386485
275,2021-12-01,ID3,KSA_FrozenVeg-Meat_FrozenFries_Retail_Grocery/Retail,83.459076,32960.395467414164,115241.59152398564
276,2021-01-01,ID4,KSA_FrozenVeg-Meat_FrozenFries_Retail_ModernTrade,401.3354979,92698.15164256122,388245.7219609612
277,2021-02-01,ID4,KSA_FrozenVeg-Meat_FrozenFries_Retail_ModernTrade,292.9672473,77299.36456147699,293116.8567345877
278,2021-03-01,ID4,KSA_FrozenVeg-Meat_FrozenFries_Retail_ModernTrade,383.387497,90774.50637121004,383540.37489654665
279,2021-04-01,ID4,KSA_FrozenVeg-Meat_FrozenFries_Retail_ModernTrade,216.82295445,64207.81662774154,234542.89489868307
280,2021-05-01,ID4,KSA_FrozenVeg-Meat_FrozenFries_Retail_ModernTrade,177.6428129,31941.720157376298,172107.72593333907
281,2021-06-01,ID4,KSA_FrozenVeg-Meat_FrozenFries_Retail_ModernTrade,393.4627437,90784.3739404774,406479.9290924432
282,2021-07-01,ID4,KSA_FrozenVeg-Meat_FrozenFries_Retail_ModernTrade,320.4989967,51606.77493260831,321115.381408382
283,2021-08-01,ID4,KSA_FrozenVeg-Meat_FrozenFries_Retail_ModernTrade,345.1719943,126803.32934018232,439029.3908842584
284,2021-09-01,ID4,KSA_FrozenVeg-Meat_FrozenFries_Retail_ModernTrade,285.8599967,103474.81674809048,387742.115083934
285,2021-10-01,ID4,KSA_FrozenVeg-Meat_FrozenFries_Retail_ModernTrade,238.538494,105991.0619824924,313771.38334899984
286,2021-11-01,ID4,KSA_FrozenVeg-Meat_FrozenFries_Retail_ModernTrade,197.814741,52282.23306656185,253466.20501763024
287,2021-12-01,ID4,KSA_FrozenVeg-Meat_FrozenFries_Retail_ModernTrade,71.68942310000001,62503.37276417737,168839.6286675364
288,2021-01-01,ID5,KSA_FrozenVeg-Meat_FrozenFries_Wholesale_Wholesale,1148.2122503,264013.874980892,1062652.442458477
289,2021-02-01,ID5,KSA_FrozenVeg-Meat_FrozenFries_Wholesale_Wholesale,915.913,199109.9329137928,854746.6773333334
290,2021-03-01,ID5,KSA_FrozenVeg-Meat_FrozenFries_Wholesale_Wholesale,1036.914,217764.4258250572,972891.7840000005
291,2021-04-01,ID5,KSA_FrozenVeg-Meat_FrozenFries_Wholesale_Wholesale,720.7075000000001,160847.5197065185,674661.8666666666
292,2021-05-01,ID5,KSA_FrozenVeg-Meat_FrozenFries_Wholesale_Wholesale,863.2221862,180529.0511866426,798924.858666667
293,2021-06-01,ID5,KSA_FrozenVeg-Meat_FrozenFries_Wholesale_Wholesale,1082.86,199950.90948898933,990832.173124878
294,2021-07-01,ID5,KSA_FrozenVeg-Meat_FrozenFries_Wholesale_Wholesale,1018.3925,152333.90735445896,912396.7051090464
295,2021-08-01,ID5,KSA_FrozenVeg-Meat_FrozenFries_Wholesale_Wholesale,1155.941,150654.90454079217,983128.4106666666
296,2021-09-01,ID5,KSA_FrozenVeg-Meat_FrozenFries_Wholesale_Wholesale,1307.2425,228829.7581609881,1118695.4640000009
297,2021-10-01,ID5,KSA_FrozenVeg-Meat_FrozenFries_Wholesale_Wholesale,1422.784,182679.1055424282,1243653.277333333
298,2021-11-01,ID5,KSA_FrozenVeg-Meat_FrozenFries_Wholesale_Wholesale,1371.6807503,118715.9753957668,1257618.074666667
299,2021-12-01,ID5,KSA_FrozenVeg-Meat_FrozenFries_Wholesale_Wholesale,1243.42125,46866.202966774654,1190241.5770666662
300,2021-01-01,ID6,KSA_FrozenVeg-Meat_FrozenVegetables_Retail_ModernTrade,122.19318948,76408.44285009964,222574.1301567468
301,2021-02-01,ID6,KSA_FrozenVeg-Meat_FrozenVegetables_Retail_ModernTrade,131.0225694,100352.25973680064,261200.1976573337
302,2021-03-01,ID6,KSA_FrozenVeg-Meat_FrozenVegetables_Retail_ModernTrade,235.81639452,148518.7403572313,427291.41415427474
303,2021-04-01,ID6,KSA_FrozenVeg-Meat_FrozenVegetables_Retail_ModernTrade,132.39270372,100055.65899216408,260432.9773910679
304,2021-05-01,ID6,KSA_FrozenVeg-Meat_FrozenVegetables_Retail_ModernTrade,71.92353548,36215.575940883,120650.88067054242
305,2021-06-01,ID6,KSA_FrozenVeg-Meat_FrozenVegetables_Retail_ModernTrade,72.88068364,39009.13767192124,130875.0933652491
306,2021-07-01,ID6,KSA_FrozenVeg-Meat_FrozenVegetables_Retail_ModernTrade,139.42624456,38178.21100969818,190235.79373768772
307,2021-08-01,ID6,KSA_FrozenVeg-Meat_FrozenVegetables_Retail_ModernTrade,124.64137344,101313.8635971731,249277.28530303904
308,2021-09-01,ID6,KSA_FrozenVeg-Meat_FrozenVegetables_Retail_ModernTrade,133.91134932,91621.75529903866,257191.36061617945
309,2021-10-01,ID6,KSA_FrozenVeg-Meat_FrozenVegetables_Retail_ModernTrade,164.22907592,133218.95860977742,324872.0747550185
310,2021-11-01,ID6,KSA_FrozenVeg-Meat_FrozenVegetables_Retail_ModernTrade,134.82762492,108755.75245349124,261117.05357016
311,2021-12-01,ID6,KSA_FrozenVeg-Meat_FrozenVegetables_Retail_ModernTrade,123.18284736,198686.33405085828,360647.6434397099
312,2021-01-01,ID16,KSA_Protein_Mutton_Retail_Grocery/Retail,48.215938608,73927.64353658102,177343.16606457942
313,2021-02-01,ID16,KSA_Protein_Mutton_Retail_Grocery/Retail,47.164895248,74806.81491937865,165150.7086930691
314,2021-03-01,ID16,KSA_Protein_Mutton_Retail_Grocery/Retail,102.170183048,129408.4353880953,301079.8406135437
315,2021-04-01,ID16,KSA_Protein_Mutton_Retail_Grocery/Retail,189.29801556,186055.15025199,476712.8040885187
316,2021-05-01,ID16,KSA_Protein_Mutton_Retail_Grocery/Retail,48.689601288,71623.8954704042,159037.59369670218
317,2021-06-01,ID16,KSA_Protein_Mutton_Retail_Grocery/Retail,29.483196248,48289.14802056887,111071.82133050996
318,2021-07-01,ID16,KSA_Protein_Mutton_Retail_Grocery/Retail,28.82007712,45095.91631166854,110222.94984665184
319,2021-08-01,ID16,KSA_Protein_Mutton_Retail_Grocery/Retail,34.329929208,55179.64410687741,132903.531297458
320,2021-09-01,ID16,KSA_Protein_Mutton_Retail_Grocery/Retail,33.785123984,54490.06900696021,125084.77267628728
321,2021-10-01,ID16,KSA_Protein_Mutton_Retail_Grocery/Retail,36.9601066816,55177.24296378472,135787.18644155376
322,2021-11-01,ID16,KSA_Protein_Mutton_Retail_Grocery/Retail,39.941471872,63910.01322633016,151386.62715200378
323,2021-12-01,ID16,KSA_Protein_Mutton_Retail_Grocery/Retail,40.427956472,60598.24915801784,152398.84844360387
324,2021-01-01,ID20,KSA_Protein_Mutton_Retail_ModernTrade,62.586374664,41109.34852118566,160516.5505040755
325,2021-02-01,ID20,KSA_Protein_Mutton_Retail_ModernTrade,105.46065344,69870.78021116953,243935.5148537784
326,2021-03-01,ID20,KSA_Protein_Mutton_Retail_ModernTrade,324.87416307200004,146467.09456212353,572306.7489943018
327,2021-04-01,ID20,KSA_Protein_Mutton_Retail_ModernTrade,151.70845152799998,79702.35867523431,304892.22923832125
328,2021-05-01,ID20,KSA_Protein_Mutton_Retail_ModernTrade,72.21831428,35153.729113474226,149383.52854212292
329,2021-06-01,ID20,KSA_Protein_Mutton_Retail_ModernTrade,42.346746784,30519.897392678336,115137.006820194
330,2021-07-01,ID20,KSA_Protein_Mutton_Retail_ModernTrade,38.09189228,26770.593758628813,115331.05485217617
331,2021-08-01,ID20,KSA_Protein_Mutton_Retail_ModernTrade,57.641659936,72398.43249486438,199385.7562395339
332,2021-09-01,ID20,KSA_Protein_Mutton_Retail_ModernTrade,52.722510152,49659.17665233511,163836.98928897406
333,2021-10-01,ID20,KSA_Protein_Mutton_Retail_ModernTrade,54.6154717904,65438.244839780265,176695.40873985642
334,2021-11-01,ID20,KSA_Protein_Mutton_Retail_ModernTrade,63.801326336,79403.09704315242,205663.7439084654
335,2021-12-01,ID20,KSA_Protein_Mutton_Retail_ModernTrade,70.793819624,145538.60639312092,305833.250082134
336,2021-01-01,ID8,KSA_Protein_Mutton_Wholesale_Wholesale,218.7705988,100531.20917180707,356796.4123341608
337,2021-02-01,ID8,KSA_Protein_Mutton_Wholesale_Wholesale,255.205358624,139150.62149440387,395248.245653333
338,2021-03-01,ID8,KSA_Protein_Mutton_Wholesale_Wholesale,782.11474,393295.6393490475,1165665.7049600005
339,2021-04-01,ID8,KSA_Protein_Mutton_Wholesale_Wholesale,507.427056504,262945.627518501,776827.9013333337
340,2021-05-01,ID8,KSA_Protein_Mutton_Wholesale_Wholesale,167.41728543999997,93631.43423498744,267356.0198666663
341,2021-06-01,ID8,KSA_Protein_Mutton_Wholesale_Wholesale,68.28021014400001,46004.86365042972,132263.64832109906
342,2021-07-01,ID8,KSA_Protein_Mutton_Wholesale_Wholesale,106.368279968,57644.23259854253,187047.2679414136
343,2021-08-01,ID8,KSA_Protein_Mutton_Wholesale_Wholesale,101.2564086,62898.83659288662,190415.59746666663
344,2021-09-01,ID8,KSA_Protein_Mutton_Wholesale_Wholesale,151.420932,81011.83818280381,241215.5133333333
345,2021-10-01,ID8,KSA_Protein_Mutton_Wholesale_Wholesale,180.686088088,90926.33731485454,293072.34546666703
346,2021-11-01,ID8,KSA_Protein_Mutton_Wholesale_Wholesale,183.982587552,100201.18664012938,316988.90346666664
347,2021-12-01,ID8,KSA_Protein_Mutton_Wholesale_Wholesale,174.065918624,77576.86678009543,285481.8125333336
348,2021-01-01,ID9,KSA_Protein_Seafood(Protein)_FoodServices_HORECA,28.6864,118547.89792421204,348059.0106666667
349,2021-02-01,ID9,KSA_Protein_Seafood(Protein)_FoodServices_HORECA,24.5334496,107534.53221297104,299774.330666667
350,2021-03-01,ID9,KSA_Protein_Seafood(Protein)_FoodServices_HORECA,26.9302,112210.1544699297,333170.24533333373
351,2021-04-01,ID9,KSA_Protein_Seafood(Protein)_FoodServices_HORECA,19.21949952,76059.88704012039,236786.0373333333
352,2021-05-01,ID9,KSA_Protein_Seafood(Protein)_FoodServices_HORECA,28.87504936,106930.39567068324,355733.7946666667
353,2021-06-01,ID9,KSA_Protein_Seafood(Protein)_FoodServices_HORECA,31.13789944,110159.6193000318,379134.16188057006
354,2021-07-01,ID9,KSA_Protein_Seafood(Protein)_FoodServices_HORECA,31.90249976,112155.40349443644,390128.7654433551
355,2021-08-01,ID9,KSA_Protein_Seafood(Protein)_FoodServices_HORECA,32.62365,110618.41131448504,391352.16533333366
356,2021-09-01,ID9,KSA_Protein_Seafood(Protein)_FoodServices_HORECA,30.5874,120713.9670220476,374494.8559999997
357,2021-10-01,ID9,KSA_Protein_Seafood(Protein)_FoodServices_HORECA,31.8763008,125415.0344740819,386100.056
358,2021-11-01,ID9,KSA_Protein_Seafood(Protein)_FoodServices_HORECA,34.13774992,118655.39336231483,414378.6599999999
359,2021-12-01,ID9,KSA_Protein_Seafood(Protein)_FoodServices_HORECA,31.517750239999994,77460.7839541524,388648.7440000004
360,2021-01-01,ID10,KSA_Protein_Seafood(Protein)_Retail_Grocery/Retail,22.55615506,101320.53655847824,231854.45659533844
361,2021-02-01,ID10,KSA_Protein_Seafood(Protein)_Retail_Grocery/Retail,22.72518096,110003.65094264984,241943.21306712
362,2021-03-01,ID10,KSA_Protein_Seafood(Protein)_Retail_Grocery/Retail,23.37229024,117321.11913361172,260813.2721940493
363,2021-04-01,ID10,KSA_Protein_Seafood(Protein)_Retail_Grocery/Retail,22.989031280000003,96993.10880979986,223487.18545225816
364,2021-05-01,ID10,KSA_Protein_Seafood(Protein)_Retail_Grocery/Retail,20.12709708,81396.25992811898,201819.40500162443
365,2021-06-01,ID10,KSA_Protein_Seafood(Protein)_Retail_Grocery/Retail,20.4477235,77215.6174331835,203620.5728013744
366,2021-07-01,ID10,KSA_Protein_Seafood(Protein)_Retail_Grocery/Retail,14.30464678,59446.96914696252,158837.81602624003
367,2021-08-01,ID10,KSA_Protein_Seafood(Protein)_Retail_Grocery/Retail,12.51568236,60937.20288523874,153587.27968009975
368,2021-09-01,ID10,KSA_Protein_Seafood(Protein)_Retail_Grocery/Retail,9.29681786,46761.29614135131,114293.81711949946
369,2021-10-01,ID10,KSA_Protein_Seafood(Protein)_Retail_Grocery/Retail,14.95651818,71387.3871702112,181351.19016831013
370,2021-11-01,ID10,KSA_Protein_Seafood(Protein)_Retail_Grocery/Retail,12.20790744,57522.89556312099,156802.73486145926
371,2021-12-01,ID10,KSA_Protein_Seafood(Protein)_Retail_Grocery/Retail,10.41949844,41934.99984206158,129340.07809471789
372,2021-01-01,ID11,KSA_Protein_Turkey_Retail_ModernTrade,28.36740036,64210.67139825759,290920.60993741534
373,2021-02-01,ID11,KSA_Protein_Turkey_Retail_ModernTrade,24.5031,80126.79713852725,247270.71096978307
374,2021-03-01,ID11,KSA_Protein_Turkey_Retail_ModernTrade,29.1705,82940.2896953486,261911.46959139948
375,2021-04-01,ID11,KSA_Protein_Turkey_Retail_ModernTrade,16.60469796,58194.66713012668,156967.07858042247
376,2021-05-01,ID11,KSA_Protein_Turkey_Retail_ModernTrade,8.956216079999999,15881.5072825937,62055.26417697582
377,2021-06-01,ID11,KSA_Protein_Turkey_Retail_ModernTrade,2.9799,-5608.529886071357,4420.8875045211535
378,2021-07-01,ID11,KSA_Protein_Turkey_Retail_ModernTrade,2.57009976,-3149.66990154543,5575.857157232904
379,2021-08-01,ID11,KSA_Protein_Turkey_Retail_ModernTrade,4.592196,3630.765179330536,18970.59633980207
380,2021-09-01,ID11,KSA_Protein_Turkey_Retail_ModernTrade,17.3976,161988.895150482,191976.532972752
381,2021-10-01,ID11,KSA_Protein_Turkey_Retail_ModernTrade,13.78657404,103592.89712649833,136255.24965493768
382,2021-11-01,ID11,KSA_Protein_Turkey_Retail_ModernTrade,21.12209928,223932.18193898007,263660.6643923765
383,2021-12-01,ID11,KSA_Protein_Turkey_Retail_ModernTrade,20.67881868,338320.83476938505,373632.5395014199
384,2021-01-01,ID12,Kuwait_Protein_Beef_Retail_ModernTrade,415.3616892268,1062997.4099631968,2264538.982384647
385,2021-02-01,ID12,Kuwait_Protein_Beef_Retail_ModernTrade,329.0344259752,687913.1432444658,1651901.5403674983
386,2021-03-01,ID12,Kuwait_Protein_Beef_Retail_ModernTrade,376.31195149,978946.607011434,2090975.488496472
387,2021-04-01,ID12,Kuwait_Protein_Beef_Retail_ModernTrade,346.873644502,881504.9043773509,1911666.3299541865
388,2021-05-01,ID12,Kuwait_Protein_Beef_Retail_ModernTrade,309.3625230416,738406.7496509982,1664001.3089492014
389,2021-06-01,ID12,Kuwait_Protein_Beef_Retail_ModernTrade,246.4443497792,702632.5759279496,1454553.813847665
390,2021-07-01,ID12,Kuwait_Protein_Beef_Retail_ModernTrade,251.1092603876,615236.3679960815,1400439.164032076
391,2021-08-01,ID12,Kuwait_Protein_Beef_Retail_ModernTrade,259.0474879576,654254.5535259913,1450177.6665319088
392,2021-09-01,ID12,Kuwait_Protein_Beef_Retail_ModernTrade,280.512607488,739877.7711968593,1555480.2502008786
393,2021-10-01,ID12,Kuwait_Protein_Beef_Retail_ModernTrade,254.9318218064,667600.5878267285,1453261.3342862315
394,2021-11-01,ID12,Kuwait_Protein_Beef_Retail_ModernTrade,241.7224972192,543202.9383113936,1340484.37770557
395,2021-12-01,ID12,Kuwait_Protein_Beef_Retail_ModernTrade,206.8519035284,524745.3593465108,1239829.2589764737
396,2021-01-01,ID7,Kuwait_Protein_Chicken_FoodServices_HORECA,51.49894,82046.03281003304,205014.37438098373
397,2021-02-01,ID7,Kuwait_Protein_Chicken_FoodServices_HORECA,61.98903,94291.0763002665,250239.5411026744
398,2021-03-01,ID7,Kuwait_Protein_Chicken_FoodServices_HORECA,50.944970000000005,89478.9189314502,202884.87949818416
399,2021-04-01,ID7,Kuwait_Protein_Chicken_FoodServices_HORECA,36.63435,58374.8640684458,145914.83657972925
400,2021-05-01,ID7,Kuwait_Protein_Chicken_FoodServices_HORECA,51.11672,82265.75705062684,210512.1228128093
401,2021-06-01,ID7,Kuwait_Protein_Chicken_FoodServices_HORECA,82.89705000000001,124890.08345447892,336367.2808273923
402,2021-07-01,ID7,Kuwait_Protein_Chicken_FoodServices_HORECA,76.00994,102990.32954503671,311237.3998887165
403,2021-08-01,ID7,Kuwait_Protein_Chicken_FoodServices_HORECA,70.2324,95617.04855966724,282644.3135764941
404,2021-09-01,ID7,Kuwait_Protein_Chicken_FoodServices_HORECA,89.22846,115756.97553229934,343686.33851917065
405,2021-10-01,ID7,Kuwait_Protein_Chicken_FoodServices_HORECA,111.67242,99757.86206127514,422939.9312776621
406,2021-11-01,ID7,Kuwait_Protein_Chicken_FoodServices_HORECA,105.7547,82105.49438340786,387576.47476403817
407,2021-12-01,ID7,Kuwait_Protein_Chicken_FoodServices_HORECA,156.91906,123859.99133047144,611926.6986754973
408,2021-01-01,ID14,Kuwait_Protein_Chicken_Retail_Grocery/Retail,64.8809859734,184315.748798886,325210.76376356627
409,2021-02-01,ID14,Kuwait_Protein_Chicken_Retail_Grocery/Retail,49.1498939204,153819.63102791726,271147.9044662047
410,2021-03-01,ID14,Kuwait_Protein_Chicken_Retail_Grocery/Retail,60.7882481273,202926.50095177107,353767.6638124347
411,2021-04-01,ID14,Kuwait_Protein_Chicken_Retail_Grocery/Retail,47.2315942028,154671.0063743927,283324.72869113245
412,2021-05-01,ID14,Kuwait_Protein_Chicken_Retail_Grocery/Retail,48.2823022931,167664.8294036121,298675.07708575914
413,2021-06-01,ID14,Kuwait_Protein_Chicken_Retail_Grocery/Retail,52.8696594376,182588.82394277968,317348.2596303717
414,2021-07-01,ID14,Kuwait_Protein_Chicken_Retail_Grocery/Retail,49.1062468535,169194.37019858963,295038.6786723609
415,2021-08-01,ID14,Kuwait_Protein_Chicken_Retail_Grocery/Retail,54.8076523864,197762.31667264865,318629.9512249034
416,2021-09-01,ID14,Kuwait_Protein_Chicken_Retail_Grocery/Retail,43.1644663344,128324.07199822912,228480.12881651803
417,2021-10-01,ID14,Kuwait_Protein_Chicken_Retail_Grocery/Retail,42.9027900219,-54185.39808874104,62830.20477194288
418,2021-11-01,ID14,Kuwait_Protein_Chicken_Retail_Grocery/Retail,40.6186815325,118089.82471759804,232251.349077383
419,2021-12-01,ID14,Kuwait_Protein_Chicken_Retail_Grocery/Retail,29.3120412054,93432.64947968816,183786.0291398396
420,2021-01-01,ID15,Kuwait_Protein_Chicken_Retail_ModernTrade,812.4719451415,3475716.2598866937,5271154.447951277
421,2021-02-01,ID15,Kuwait_Protein_Chicken_Retail_ModernTrade,663.2921748835,2507881.9081169767,4138577.165356605
422,2021-03-01,ID15,Kuwait_Protein_Chicken_Retail_ModernTrade,699.458042876,2726517.008232417,4617561.834486931
423,2021-04-01,ID15,Kuwait_Protein_Chicken_Retail_ModernTrade,668.5143928071,2500503.741954153,4362045.258966225
424,2021-05-01,ID15,Kuwait_Protein_Chicken_Retail_ModernTrade,680.7462216786,2574838.5267960667,4352907.849849407
425,2021-06-01,ID15,Kuwait_Protein_Chicken_Retail_ModernTrade,588.5533630909,2229272.603965582,3666452.866371854
426,2021-07-01,ID15,Kuwait_Protein_Chicken_Retail_ModernTrade,652.2272670688,2359454.1438242816,3824589.46645441
427,2021-08-01,ID15,Kuwait_Protein_Chicken_Retail_ModernTrade,664.4196119964,2075881.105429159,3623202.922716133
428,2021-09-01,ID15,Kuwait_Protein_Chicken_Retail_ModernTrade,629.5175882037,1889157.0154397765,3451368.9444006844
429,2021-10-01,ID15,Kuwait_Protein_Chicken_Retail_ModernTrade,666.1034423533,1830032.9192571524,3535561.9423441687
430,2021-11-01,ID15,Kuwait_Protein_Chicken_Retail_ModernTrade,568.7094388147,1725137.8780050497,3342603.8212821577
431,2021-12-01,ID15,Kuwait_Protein_Chicken_Retail_ModernTrade,426.9511933369,1187236.2497132914,2458689.9587957147
432,2021-01-01,ID13,Kuwait_Protein_Mutton_Retail_ModernTrade,50.669811672,66463.35067652207,233480.4554916108
433,2021-02-01,ID13,Kuwait_Protein_Mutton_Retail_ModernTrade,27.422612428,26423.172150978626,116993.9264854654
434,2021-03-01,ID13,Kuwait_Protein_Mutton_Retail_ModernTrade,74.375016692,91256.07975045298,320268.6061111711
435,2021-04-01,ID13,Kuwait_Protein_Mutton_Retail_ModernTrade,59.753582252,78188.25354788598,261183.01291743125
436,2021-05-01,ID13,Kuwait_Protein_Mutton_Retail_ModernTrade,39.135241116,41938.07726855653,165059.48963827966
437,2021-06-01,ID13,Kuwait_Protein_Mutton_Retail_ModernTrade,23.320844172,30299.43719196398,105857.42895617068
438,2021-07-01,ID13,Kuwait_Protein_Mutton_Retail_ModernTrade,25.19855594,21344.653122981614,106863.5830618286
439,2021-08-01,ID13,Kuwait_Protein_Mutton_Retail_ModernTrade,27.007739256,29605.64371990486,118595.39097109508
440,2021-09-01,ID13,Kuwait_Protein_Mutton_Retail_ModernTrade,25.022180184,26442.08400162292,104715.6866428924
441,2021-10-01,ID13,Kuwait_Protein_Mutton_Retail_ModernTrade,24.483346544,29134.80820043813,106479.7058525055
442,2021-11-01,ID13,Kuwait_Protein_Mutton_Retail_ModernTrade,24.104248552,21210.427641688984,95342.09746522013
443,2021-12-01,ID13,Kuwait_Protein_Mutton_Retail_ModernTrade,17.505067348,8924.875286417106,68648.50934195056
444,2021-01-01,ID17,Kuwait_Protein_Seafood(Protein)_Retail_ModernTrade,39.92501454,198149.48234783788,397851.2588687639
445,2021-02-01,ID17,Kuwait_Protein_Seafood(Protein)_Retail_ModernTrade,22.28405236,108224.0162016914,231642.40815942275
446,2021-03-01,ID17,Kuwait_Protein_Seafood(Protein)_Retail_ModernTrade,26.83303382,132741.699998046,280512.45823756285
447,2021-04-01,ID17,Kuwait_Protein_Seafood(Protein)_Retail_ModernTrade,30.981965180000003,132873.66060605727,280917.5159982881
448,2021-05-01,ID17,Kuwait_Protein_Seafood(Protein)_Retail_ModernTrade,22.86758568,98270.59738885902,209162.1485838108
449,2021-06-01,ID17,Kuwait_Protein_Seafood(Protein)_Retail_ModernTrade,30.0658131,167295.75926173743,336881.58606865944
450,2021-07-01,ID17,Kuwait_Protein_Seafood(Protein)_Retail_ModernTrade,26.811027,121378.67199529229,265517.9442923889
451,2021-08-01,ID17,Kuwait_Protein_Seafood(Protein)_Retail_ModernTrade,21.64959426,87839.27002932396,198187.5771581351
452,2021-09-01,ID17,Kuwait_Protein_Seafood(Protein)_Retail_ModernTrade,25.74905274,79920.05059375668,195067.54613767847
453,2021-10-01,ID17,Kuwait_Protein_Seafood(Protein)_Retail_ModernTrade,29.87748052,123379.9356206523,277078.27670251246
454,2021-11-01,ID17,Kuwait_Protein_Seafood(Protein)_Retail_ModernTrade,19.04478053,79583.87318043681,175798.44546065104
455,2021-12-01,ID17,Kuwait_Protein_Seafood(Protein)_Retail_ModernTrade,14.23728412,58559.159220617694,141806.11230729296
456,2021-01-01,ID18,Kuwait_Protein_Turkey_Retail_ModernTrade,16.05191576,127802.7608296952,256164.52318841292
457,2021-02-01,ID18,Kuwait_Protein_Turkey_Retail_ModernTrade,10.47043552,86568.02295121238,158928.27067841732
458,2021-03-01,ID18,Kuwait_Protein_Turkey_Retail_ModernTrade,11.18589738,86350.51462040085,159426.90924907383
459,2021-04-01,ID18,Kuwait_Protein_Turkey_Retail_ModernTrade,11.03270162,107865.057158738,184412.4776989265
460,2021-05-01,ID18,Kuwait_Protein_Turkey_Retail_ModernTrade,13.05869028,123812.00406213629,205331.63908991963
461,2021-06-01,ID18,Kuwait_Protein_Turkey_Retail_ModernTrade,10.81270512,104094.93448098502,175142.66143226533
462,2021-07-01,ID18,Kuwait_Protein_Turkey_Retail_ModernTrade,10.99339186,100450.62987365904,174758.56721037283
463,2021-08-01,ID18,Kuwait_Protein_Turkey_Retail_ModernTrade,12.31114462,104933.9207899321,192486.48601272688
464,2021-09-01,ID18,Kuwait_Protein_Turkey_Retail_ModernTrade,11.85944604,103358.40215563304,187963.853994968
465,2021-10-01,ID18,Kuwait_Protein_Turkey_Retail_ModernTrade,12.54333138,124807.23581222148,218738.56216810652
466,2021-11-01,ID18,Kuwait_Protein_Turkey_Retail_ModernTrade,14.62829372,118548.70018272584,242731.26787219284
467,2021-12-01,ID18,Kuwait_Protein_Turkey_Retail_ModernTrade,10.35614874,80229.31285009386,172679.13265060706
468,2021-01-01,ID19,LowerGulf_Protein_Chicken_FoodServices_HORECA,8.35888,17646.59186154111,34257.47282608699
469,2021-02-01,ID19,LowerGulf_Protein_Chicken_FoodServices_HORECA,7.73898,17542.27411080537,34662.9619565218
470,2021-03-01,ID19,LowerGulf_Protein_Chicken_FoodServices_HORECA,8.478819999999999,21894.738737385014,40393.2336956522
471,2021-04-01,ID19,LowerGulf_Protein_Chicken_FoodServices_HORECA,6.645560000000001,16717.536022337692,32239.32065217392
472,2021-05-01,ID19,LowerGulf_Protein_Chicken_FoodServices_HORECA,7.1582,19561.847747856755,36582.82608695648
473,2021-06-01,ID19,LowerGulf_Protein_Chicken_FoodServices_HORECA,9.18684,21213.13291146753,44227.04158667284
474,2021-07-01,ID19,LowerGulf_Protein_Chicken_FoodServices_HORECA,9.1276,21569.987457995936,45673.917426722976
475,2021-08-01,ID19,LowerGulf_Protein_Chicken_FoodServices_HORECA,6.0974,13876.236134442468,30469.275833987063
476,2021-09-01,ID19,LowerGulf_Protein_Chicken_FoodServices_HORECA,4.269,8339.388317968887,19117.398820268834
477,2021-10-01,ID19,LowerGulf_Protein_Chicken_FoodServices_HORECA,4.315,9402.250723871704,20474.385425947723
478,2021-11-01,ID19,LowerGulf_Protein_Chicken_FoodServices_HORECA,37.656,25427.308463042864,141518.16437861873
479,2021-12-01,ID19,LowerGulf_Protein_Chicken_FoodServices_HORECA,124.835,89252.02221563834,452968.0183929785
480,2022-01-01,ID1,Egypt_Protein_Beefy_Retail_Grocery/Retail,152.5768,72431.01564884535,296207.9668842476
481,2022-02-01,ID1,Egypt_Protein_Beefy_Retail_Grocery/Retail,139.60332,89546.89887010318,302945.5533309933
482,2022-03-01,ID1,Egypt_Protein_Beefy_Retail_Grocery/Retail,173.5989,112854.20992430631,411921.7467529021
483,2022-04-01,ID1,Egypt_Protein_Beefy_Retail_Grocery/Retail,186.06337,152893.06849641213,490733.7130022564
484,2022-05-01,ID1,Egypt_Protein_Beefy_Retail_Grocery/Retail,59.5837,46017.5058485592,146334.742435724
485,2022-06-01,ID1,Egypt_Protein_Beefy_Retail_Grocery/Retail,83.66917,60016.6902947998,233672.85406502063
486,2022-07-01,ID1,Egypt_Protein_Beefy_Retail_Grocery/Retail,32.0,3033.385092779681,52757.0
487,2022-08-01,ID1,Egypt_Protein_Beefy_Retail_Grocery/Retail,143.65466,112756.93819966004,381302.807910974
488,2022-09-01,ID1,Egypt_Protein_Beefy_Retail_Grocery/Retail,144.5568338,109089.21292985015,359995.627218522
489,2022-10-01,ID1,Egypt_Protein_Beefy_Retail_Grocery/Retail,176.6864782,110474.50445557293,425290.618622688
490,2022-11-01,ID1,Egypt_Protein_Beefy_Retail_Grocery/Retail,188.0,50850.69211218873,316597.6921121887
491,2022-12-01,ID1,Egypt_Protein_Beefy_Retail_Grocery/Retail,261.51098,165163.1885796123,550732.550717407
492,2022-01-01,ID2,KSA_FrozenVeg-Meat_FrozenFries_FoodServices_HORECA,251.2375,77227.91744552582,305980.36266666633
493,2022-02-01,ID2,KSA_FrozenVeg-Meat_FrozenFries_FoodServices_HORECA,161.031,80957.46540223947,228591.749333333
494,2022-03-01,ID2,KSA_FrozenVeg-Meat_FrozenFries_FoodServices_HORECA,375.2485,230809.37996569133,620414.9857914955
495,2022-04-01,ID2,KSA_FrozenVeg-Meat_FrozenFries_FoodServices_HORECA,223.41,179507.8694333675,392750.0
496,2022-05-01,ID2,KSA_FrozenVeg-Meat_FrozenFries_FoodServices_HORECA,404.507,254321.49668450136,692704.8346666667
497,2022-06-01,ID2,KSA_FrozenVeg-Meat_FrozenFries_FoodServices_HORECA,406.7024997,161853.1908040973,670004.9973333337
498,2022-07-01,ID2,KSA_FrozenVeg-Meat_FrozenFries_FoodServices_HORECA,388.5715,104399.30350316533,606223.8682855486
499,2022-08-01,ID2,KSA_FrozenVeg-Meat_FrozenFries_FoodServices_HORECA,484.1120309906569,38327.288144907216,694298.3600000001
500,2022-09-01,ID2,KSA_FrozenVeg-Meat_FrozenFries_FoodServices_HORECA,490.6488428624719,64142.51577945067,717402.3837384649
501,2022-10-01,ID2,KSA_FrozenVeg-Meat_FrozenFries_FoodServices_HORECA,335.8586897,66700.55275482978,529715.1213971527
502,2022-11-01,ID2,KSA_FrozenVeg-Meat_FrozenFries_FoodServices_HORECA,288.1705,92388.4884620858,507019.93256609264
503,2022-12-01,ID2,KSA_FrozenVeg-Meat_FrozenFries_FoodServices_HORECA,320.9785,91718.41454738716,581388.7609714413
504,2022-01-01,ID3,KSA_FrozenVeg-Meat_FrozenFries_Retail_Grocery/Retail,88.67025269999999,57399.60459363725,146770.73096064446
505,2022-02-01,ID3,KSA_FrozenVeg-Meat_FrozenFries_Retail_Grocery/Retail,64.0405009,47927.281647436736,111562.07412125902
506,2022-03-01,ID3,KSA_FrozenVeg-Meat_FrozenFries_Retail_Grocery/Retail,132.11125719999998,90863.18502947089,227748.90954969943
507,2022-04-01,ID3,KSA_FrozenVeg-Meat_FrozenFries_Retail_Grocery/Retail,92.34,87025.06765176154,176632.0
508,2022-05-01,ID3,KSA_FrozenVeg-Meat_FrozenFries_Retail_Grocery/Retail,137.719506,102744.23601903026,255712.1520575304
509,2022-06-01,ID3,KSA_FrozenVeg-Meat_FrozenFries_Retail_Grocery/Retail,129.1817524,75945.74791863814,240494.31969428709
510,2022-07-01,ID3,KSA_FrozenVeg-Meat_FrozenFries_Retail_Grocery/Retail,137.4467533,62751.69175011292,241060.2849885831
511,2022-08-01,ID3,KSA_FrozenVeg-Meat_FrozenFries_Retail_Grocery/Retail,180.00195780583087,48729.13671329792,291156.9874637856
512,2022-09-01,ID3,KSA_FrozenVeg-Meat_FrozenFries_Retail_Grocery/Retail,199.71887008706472,58725.05631676706,324963.1328967011
513,2022-10-01,ID3,KSA_FrozenVeg-Meat_FrozenFries_Retail_Grocery/Retail,129.2867539,42027.35433518024,221386.90940274103
514,2022-11-01,ID3,KSA_FrozenVeg-Meat_FrozenFries_Retail_Grocery/Retail,171.9465051,74975.86935113888,322164.55168436974
515,2022-12-01,ID3,KSA_FrozenVeg-Meat_FrozenFries_Retail_Grocery/Retail,145.3075069,64505.99644842031,285719.2552060939
516,2022-01-01,ID4,KSA_FrozenVeg-Meat_FrozenFries_Retail_ModernTrade,162.5071949,26025.515018639133,212986.1531692464
517,2022-02-01,ID4,KSA_FrozenVeg-Meat_FrozenFries_Retail_ModernTrade,139.8254425,29166.318635597603,159802.1387956761
518,2022-03-01,ID4,KSA_FrozenVeg-Meat_FrozenFries_Retail_ModernTrade,197.7839916,-11280.417689258522,211976.7149096537
519,2022-04-01,ID4,KSA_FrozenVeg-Meat_FrozenFries_Retail_ModernTrade,60.96,28387.46330367571,95010.0
520,2022-05-01,ID4,KSA_FrozenVeg-Meat_FrozenFries_Retail_ModernTrade,123.9048428,25507.600621764872,182586.5915241773
521,2022-06-01,ID4,KSA_FrozenVeg-Meat_FrozenFries_Retail_ModernTrade,72.31460870000001,17557.55193553716,129903.97118032364
522,2022-07-01,ID4,KSA_FrozenVeg-Meat_FrozenFries_Retail_ModernTrade,61.3632473,-2587.339747061392,77847.21530613271
523,2022-08-01,ID4,KSA_FrozenVeg-Meat_FrozenFries_Retail_ModernTrade,144.4575011000446,-22663.52588156339,176152.7458523496
524,2022-09-01,ID4,KSA_FrozenVeg-Meat_FrozenFries_Retail_ModernTrade,121.5297226392208,13238.665649425036,175275.96940081083
525,2022-10-01,ID4,KSA_FrozenVeg-Meat_FrozenFries_Retail_ModernTrade,77.8584772,5384.90267893981,117068.2503758878
526,2022-11-01,ID4,KSA_FrozenVeg-Meat_FrozenFries_Retail_ModernTrade,97.5639968,14495.919472703195,153448.8288093477
527,2022-12-01,ID4,KSA_FrozenVeg-Meat_FrozenFries_Retail_ModernTrade,78.9229918,-911.582772812035,117755.49267657426
528,2022-01-01,ID5,KSA_FrozenVeg-Meat_FrozenFries_Wholesale_Wholesale,872.2590000000001,186989.91584545927,981691.5599999996
529,2022-02-01,ID5,KSA_FrozenVeg-Meat_FrozenFries_Wholesale_Wholesale,617.1315503,273409.443197994,846049.6240000004
530,2022-03-01,ID5,KSA_FrozenVeg-Meat_FrozenFries_Wholesale_Wholesale,1028.3522503,587480.7047078187,1682558.195904243
531,2022-04-01,ID5,KSA_FrozenVeg-Meat_FrozenFries_Wholesale_Wholesale,912.57,696452.3312587447,1551079.0
532,2022-05-01,ID5,KSA_FrozenVeg-Meat_FrozenFries_Wholesale_Wholesale,1013.1504,551718.3052926459,1672954.64
533,2022-06-01,ID5,KSA_FrozenVeg-Meat_FrozenFries_Wholesale_Wholesale,816.1633873999999,260149.8719959071,1295472.1466666677
534,2022-07-01,ID5,KSA_FrozenVeg-Meat_FrozenFries_Wholesale_Wholesale,645.97531,151126.95485828124,981904.937356042
535,2022-08-01,ID5,KSA_FrozenVeg-Meat_FrozenFries_Wholesale_Wholesale,1314.2996774303529,-871.4607616447538,1785095.8373333332
536,2022-09-01,ID5,KSA_FrozenVeg-Meat_FrozenFries_Wholesale_Wholesale,1508.3217249190789,149845.356246143,2179908.056594316
537,2022-10-01,ID5,KSA_FrozenVeg-Meat_FrozenFries_Wholesale_Wholesale,779.8630563,-4876.596917052927,1070470.14864683
538,2022-11-01,ID5,KSA_FrozenVeg-Meat_FrozenFries_Wholesale_Wholesale,1010.6345,212638.51532169303,1675067.7153343942
539,2022-12-01,ID5,KSA_FrozenVeg-Meat_FrozenFries_Wholesale_Wholesale,1295.0605003,240063.51119938827,2217068.260639829
540,2022-01-01,ID6,KSA_FrozenVeg-Meat_FrozenVegetables_Retail_ModernTrade,108.2097828,73627.19012898767,205777.73724507348
541,2022-02-01,ID6,KSA_FrozenVeg-Meat_FrozenVegetables_Retail_ModernTrade,129.82134212,131470.14978706613,270801.1103760571
542,2022-03-01,ID6,KSA_FrozenVeg-Meat_FrozenVegetables_Retail_ModernTrade,198.25989316,129267.31635665867,348519.8631937668
543,2022-04-01,ID6,KSA_FrozenVeg-Meat_FrozenVegetables_Retail_ModernTrade,103.95,88001.13230819326,199276.0
544,2022-05-01,ID6,KSA_FrozenVeg-Meat_FrozenVegetables_Retail_ModernTrade,98.79073196,68131.23905690486,185452.3275905116
545,2022-06-01,ID6,KSA_FrozenVeg-Meat_FrozenVegetables_Retail_ModernTrade,76.62837544,53897.46590729238,141572.07611034627
546,2022-07-01,ID6,KSA_FrozenVeg-Meat_FrozenVegetables_Retail_ModernTrade,49.840833276,37959.75883950068,94575.864705117
547,2022-08-01,ID6,KSA_FrozenVeg-Meat_FrozenVegetables_Retail_ModernTrade,100.23483844457056,62613.30079422625,187630.5546061506
548,2022-09-01,ID6,KSA_FrozenVeg-Meat_FrozenVegetables_Retail_ModernTrade,99.90215476995452,95701.69657104406,217230.62492520944
549,2022-10-01,ID6,KSA_FrozenVeg-Meat_FrozenVegetables_Retail_ModernTrade,115.73975988,96149.08795740332,232307.15325973032
550,2022-11-01,ID6,KSA_FrozenVeg-Meat_FrozenVegetables_Retail_ModernTrade,91.030797284,74712.69107646172,176287.3356761021
551,2022-12-01,ID6,KSA_FrozenVeg-Meat_FrozenVegetables_Retail_ModernTrade,71.4407884,45881.58926958603,127205.55148602305
552,2022-01-01,ID16,KSA_Protein_Mutton_Retail_Grocery/Retail,43.944159208,74572.61119712402,171646.59977698134
553,2022-02-01,ID16,KSA_Protein_Mutton_Retail_Grocery/Retail,51.28967576,71509.51334173004,173421.77790469202
554,2022-03-01,ID16,KSA_Protein_Mutton_Retail_Grocery/Retail,218.329391832,265537.8738830335,584369.5550803922
555,2022-04-01,ID16,KSA_Protein_Mutton_Retail_Grocery/Retail,120.54000000000002,159152.01061791836,352740.0
556,2022-05-01,ID16,KSA_Protein_Mutton_Retail_Grocery/Retail,33.258043312,54948.60814995073,125198.47946131114
557,2022-06-01,ID16,KSA_Protein_Mutton_Retail_Grocery/Retail,34.586744536,51524.08920694435,135228.44233220015
558,2022-07-01,ID16,KSA_Protein_Mutton_Retail_Grocery/Retail,29.837400944,46250.76897164027,112436.6497656613
559,2022-08-01,ID16,KSA_Protein_Mutton_Retail_Grocery/Retail,32.51976722583476,56383.444192757335,124473.92318432636
560,2022-09-01,ID16,KSA_Protein_Mutton_Retail_Grocery/Retail,37.08945089392565,60489.66981384723,137925.21673072333
561,2022-10-01,ID16,KSA_Protein_Mutton_Retail_Grocery/Retail,40.594058568,69508.2931875735,152763.08863771922
562,2022-11-01,ID16,KSA_Protein_Mutton_Retail_Grocery/Retail,40.481685288,71556.82022764807,148707.63426354644
563,2022-12-01,ID16,KSA_Protein_Mutton_Retail_Grocery/Retail,40.078148896,67681.74714653254,145312.60891025633
564,2022-01-01,ID20,KSA_Protein_Mutton_Retail_ModernTrade,109.406316624,61051.98237918561,255050.23055172773
565,2022-02-01,ID20,KSA_Protein_Mutton_Retail_ModernTrade,75.54793615199999,50122.956296068965,226031.3544759029
566,2022-03-01,ID20,KSA_Protein_Mutton_Retail_ModernTrade,345.34358306400003,114935.01852623124,619181.7646113599
567,2022-04-01,ID20,KSA_Protein_Mutton_Retail_ModernTrade,89.75999999999999,35564.68474127198,175394.0
568,2022-05-01,ID20,KSA_Protein_Mutton_Retail_ModernTrade,45.365447864,37718.9194063369,144561.47874318753
569,2022-06-01,ID20,KSA_Protein_Mutton_Retail_ModernTrade,49.344567904,33449.64293128542,154837.22448617895
570,2022-07-01,ID20,KSA_Protein_Mutton_Retail_ModernTrade,25.555982092,6725.23837364319,64979.22655811859
571,2022-08-01,ID20,KSA_Protein_Mutton_Retail_ModernTrade,52.817883481645126,28039.824879908465,133728.58414430072
572,2022-09-01,ID20,KSA_Protein_Mutton_Retail_ModernTrade,34.99675254476352,41049.84945618446,128088.9078558412
573,2022-10-01,ID20,KSA_Protein_Mutton_Retail_ModernTrade,43.074421984,38273.25416025711,124737.7590404184
574,2022-11-01,ID20,KSA_Protein_Mutton_Retail_ModernTrade,55.89181648,56347.788771152496,149899.97769364528
575,2022-12-01,ID20,KSA_Protein_Mutton_Retail_ModernTrade,42.762417312,28012.53002697705,113552.09211461336
576,2022-01-01,ID8,KSA_Protein_Mutton_Wholesale_Wholesale,190.497660472,139271.67472531486,360814.002666667
577,2022-02-01,ID8,KSA_Protein_Mutton_Wholesale_Wholesale,254.011096,172275.86580119122,452292.5464800001
578,2022-03-01,ID8,KSA_Protein_Mutton_Wholesale_Wholesale,925.560223776,540819.100981618,1402255.7120472305
579,2022-04-01,ID8,KSA_Protein_Mutton_Wholesale_Wholesale,309.98,199367.8622443527,553215.0
580,2022-05-01,ID8,KSA_Protein_Mutton_Wholesale_Wholesale,106.057444,69880.06386977005,193227.1231999996
581,2022-06-01,ID8,KSA_Protein_Mutton_Wholesale_Wholesale,101.569,57584.94728759673,200630.56933333367
582,2022-07-01,ID8,KSA_Protein_Mutton_Wholesale_Wholesale,121.386724,82635.56572097518,212850.78046490077
583,2022-08-01,ID8,KSA_Protein_Mutton_Wholesale_Wholesale,217.59833970240783,162259.39466971907,382202.7536
584,2022-09-01,ID8,KSA_Protein_Mutton_Wholesale_Wholesale,149.70687929135724,122309.26641179276,283845.1966044732
585,2022-10-01,ID8,KSA_Protein_Mutton_Wholesale_Wholesale,182.837940192,105307.54950800446,317400.36276470515
586,2022-11-01,ID8,KSA_Protein_Mutton_Wholesale_Wholesale,211.207961984,167281.07323965002,369697.67390022863
587,2022-12-01,ID8,KSA_Protein_Mutton_Wholesale_Wholesale,212.55236812,186452.9404569118,381039.9379813983
588,2022-01-01,ID9,KSA_Protein_Seafood(Protein)_FoodServices_HORECA,36.48535,102471.83202186486,453791.0960000007
589,2022-02-01,ID9,KSA_Protein_Seafood(Protein)_FoodServices_HORECA,35.225750399999995,106090.68642423714,435065.3573333327
590,2022-03-01,ID9,KSA_Protein_Seafood(Protein)_FoodServices_HORECA,41.81329992,111590.9751992377,514454.6569968563
591,2022-04-01,ID9,KSA_Protein_Seafood(Protein)_FoodServices_HORECA,23.82,82233.87672743696,299989.0
592,2022-05-01,ID9,KSA_Protein_Seafood(Protein)_FoodServices_HORECA,32.21014952,122670.6393038927,416127.6879999997
593,2022-06-01,ID9,KSA_Protein_Seafood(Protein)_FoodServices_HORECA,33.87579928,112957.21560963974,431311.4986666664
594,2022-07-01,ID9,KSA_Protein_Seafood(Protein)_FoodServices_HORECA,37.0597,129613.91864807176,464342.03982822585
595,2022-08-01,ID9,KSA_Protein_Seafood(Protein)_FoodServices_HORECA,39.011808871155615,155268.47131572812,526897.5146666666
596,2022-09-01,ID9,KSA_Protein_Seafood(Protein)_FoodServices_HORECA,32.61683029217039,122101.51820253722,421100.14805269055
597,2022-10-01,ID9,KSA_Protein_Seafood(Protein)_FoodServices_HORECA,34.39035,118271.63760781236,437465.0279850502
598,2022-11-01,ID9,KSA_Protein_Seafood(Protein)_FoodServices_HORECA,31.52735,135241.55237765578,415594.49607552256
599,2022-12-01,ID9,KSA_Protein_Seafood(Protein)_FoodServices_HORECA,32.35425,122296.08105341802,421836.9849573897
600,2022-01-01,ID10,KSA_Protein_Seafood(Protein)_Retail_Grocery/Retail,11.13822144,52096.21712264129,153127.76018438544
601,2022-02-01,ID10,KSA_Protein_Seafood(Protein)_Retail_Grocery/Retail,11.9985467,60949.26815999227,168704.831057742
602,2022-03-01,ID10,KSA_Protein_Seafood(Protein)_Retail_Grocery/Retail,16.6147955,64555.18708573282,217799.86967760127
603,2022-04-01,ID10,KSA_Protein_Seafood(Protein)_Retail_Grocery/Retail,14.07,58265.89737313059,179781.0
604,2022-05-01,ID10,KSA_Protein_Seafood(Protein)_Retail_Grocery/Retail,12.51727134,67634.98270246439,179258.9833026073
605,2022-06-01,ID10,KSA_Protein_Seafood(Protein)_Retail_Grocery/Retail,13.50062274,68544.56133113278,183803.68635513145
606,2022-07-01,ID10,KSA_Protein_Seafood(Protein)_Retail_Grocery/Retail,12.00648778,64995.937884697705,167880.9604699655
607,2022-08-01,ID10,KSA_Protein_Seafood(Protein)_Retail_Grocery/Retail,13.306022824210345,68096.17763388056,168281.31675997833
608,2022-09-01,ID10,KSA_Protein_Seafood(Protein)_Retail_Grocery/Retail,22.057625795595698,105536.34933040562,248485.8117397111
609,2022-10-01,ID10,KSA_Protein_Seafood(Protein)_Retail_Grocery/Retail,18.6444738,87318.87900876245,226007.8598894812
610,2022-11-01,ID10,KSA_Protein_Seafood(Protein)_Retail_Grocery/Retail,20.1562992,102511.21631431156,245054.05763552975
611,2022-12-01,ID10,KSA_Protein_Seafood(Protein)_Retail_Grocery/Retail,11.74212222,64791.4557563592,156430.9167068327
612,2022-01-01,ID11,KSA_Protein_Turkey_Retail_ModernTrade,20.256084,150102.55683132814,236578.02835525165
613,2022-02-01,ID11,KSA_Protein_Turkey_Retail_ModernTrade,26.87868036,112014.81000726356,305049.7598732396
614,2022-03-01,ID11,KSA_Protein_Turkey_Retail_ModernTrade,28.8104394,79679.77056117944,304800.38181117765
615,2022-04-01,ID11,KSA_Protein_Turkey_Retail_ModernTrade,10.7,41369.48457498051,93348.0
616,2022-05-01,ID11,KSA_Protein_Turkey_Retail_ModernTrade,11.220402,26833.154078562828,104707.0859361406
617,2022-06-01,ID11,KSA_Protein_Turkey_Retail_ModernTrade,16.36144812,79671.92823372025,152051.9778024715
618,2022-07-01,ID11,KSA_Protein_Turkey_Retail_ModernTrade,6.728989035000001,24502.049905764878,76040.5713147481
619,2022-08-01,ID11,KSA_Protein_Turkey_Retail_ModernTrade,19.3507508603554,41815.56015141449,206510.9196822873
620,2022-09-01,ID11,KSA_Protein_Turkey_Retail_ModernTrade,17.714183907908303,86596.97046139612,242964.27506236127
621,2022-10-01,ID11,KSA_Protein_Turkey_Retail_ModernTrade,20.34588087,120023.22225681586,313313.2612044842
622,2022-11-01,ID11,KSA_Protein_Turkey_Retail_ModernTrade,20.416979655,137325.86782850738,307517.9670077929
623,2022-12-01,ID11,KSA_Protein_Turkey_Retail_ModernTrade,12.890233295,53005.492678326016,179198.65028944003
624,2022-01-01,ID12,Kuwait_Protein_Beef_Retail_ModernTrade,381.0515030176,863350.8422261337,2199040.6339991004
625,2022-02-01,ID12,Kuwait_Protein_Beef_Retail_ModernTrade,282.98132546,639766.409836166,1614554.9269999224
626,2022-03-01,ID12,Kuwait_Protein_Beef_Retail_ModernTrade,359.61633993,739170.1743851276,1901644.8694302847
627,2022-04-01,ID12,Kuwait_Protein_Beef_Retail_ModernTrade,268.95,567176.2250094533,1472977.0
628,2022-05-01,ID12,Kuwait_Protein_Beef_Retail_ModernTrade,237.2116387988,512892.9317057351,1394641.7182298424
629,2022-06-01,ID12,Kuwait_Protein_Beef_Retail_ModernTrade,252.547715474,503877.9692781581,1410798.142818931
630,2022-07-01,ID12,Kuwait_Protein_Beef_Retail_ModernTrade,239.29726376865145,336264.03229592583,1013798.7245604512
631,2022-08-01,ID12,Kuwait_Protein_Beef_Retail_ModernTrade,204.392939516828,420626.0862057385,1250190.9980201835
632,2022-09-01,ID12,Kuwait_Protein_Beef_Retail_ModernTrade,232.5308102682801,290783.9501903509,1142221.9948824295
633,2022-10-01,ID12,Kuwait_Protein_Beef_Retail_ModernTrade,292.0589314314,506778.5369386722,1566314.145395895
634,2022-11-01,ID12,Kuwait_Protein_Beef_Retail_ModernTrade,277.56030740196,546583.7265678793,1519225.0295916407
635,2022-12-01,ID12,Kuwait_Protein_Beef_Retail_ModernTrade,227.5955909268,367066.6820544312,1184967.8212485146
636,2022-01-01,ID7,Kuwait_Protein_Chicken_FoodServices_HORECA,104.49634,40032.70233699777,375730.8126466879
637,2022-02-01,ID7,Kuwait_Protein_Chicken_FoodServices_HORECA,50.29807,27137.778922167632,189759.7149165639
638,2022-03-01,ID7,Kuwait_Protein_Chicken_FoodServices_HORECA,110.1241,23697.102218517408,407268.6411530452
639,2022-04-01,ID7,Kuwait_Protein_Chicken_FoodServices_HORECA,85.73,54297.06449919928,371362.0
640,2022-05-01,ID7,Kuwait_Protein_Chicken_FoodServices_HORECA,95.11283,49200.88060938242,442430.9748516156
641,2022-06-01,ID7,Kuwait_Protein_Chicken_FoodServices_HORECA,145.63613999999998,127137.22334808696,624136.7139267826
642,2022-07-01,ID7,Kuwait_Protein_Chicken_FoodServices_HORECA,189.52192393190745,-31768.65062315054,346820.5017294541
643,2022-08-01,ID7,Kuwait_Protein_Chicken_FoodServices_HORECA,92.04667362683152,78.1829252169329,440252.51580741705
644,2022-09-01,ID7,Kuwait_Protein_Chicken_FoodServices_HORECA,162.7820759019224,-100046.63309403458,587253.2152378035
645,2022-10-01,ID7,Kuwait_Protein_Chicken_FoodServices_HORECA,88.509718464,38349.20189302093,394285.6437655621
646,2022-11-01,ID7,Kuwait_Protein_Chicken_FoodServices_HORECA,80.0263857015,21817.53747783876,377605.1547025087
647,2022-12-01,ID7,Kuwait_Protein_Chicken_FoodServices_HORECA,81.70445802,4796.83168503237,337783.45044676587
648,2022-01-01,ID14,Kuwait_Protein_Chicken_Retail_Grocery/Retail,51.052548587,133620.38943279884,284717.6327312787
649,2022-02-01,ID14,Kuwait_Protein_Chicken_Retail_Grocery/Retail,46.7688322639,131767.01273750092,282312.7761830655
650,2022-03-01,ID14,Kuwait_Protein_Chicken_Retail_Grocery/Retail,43.8079932054,108216.67528285876,251158.13304367784
651,2022-04-01,ID14,Kuwait_Protein_Chicken_Retail_Grocery/Retail,46.82,116799.88776463144,267105.0
652,2022-05-01,ID14,Kuwait_Protein_Chicken_Retail_Grocery/Retail,57.4311432765,127587.2467536584,320057.1520741199
653,2022-06-01,ID14,Kuwait_Protein_Chicken_Retail_Grocery/Retail,52.7363089665,125923.04169818366,292694.16231068136
654,2022-07-01,ID14,Kuwait_Protein_Chicken_Retail_Grocery/Retail,10.600427850856477,27603.298818818068,59437.25148634457
655,2022-08-01,ID14,Kuwait_Protein_Chicken_Retail_Grocery/Retail,16.045261553210732,66866.52934243323,127787.21138791095
656,2022-09-01,ID14,Kuwait_Protein_Chicken_Retail_Grocery/Retail,28.417805037481624,71894.129346182,167717.27031951377
657,2022-10-01,ID14,Kuwait_Protein_Chicken_Retail_Grocery/Retail,20.5092038225,64191.44658758527,138669.95629264068
658,2022-11-01,ID14,Kuwait_Protein_Chicken_Retail_Grocery/Retail,37.8206411067,92516.91658180066,200944.72546155247
659,2022-12-01,ID14,Kuwait_Protein_Chicken_Retail_Grocery/Retail,23.6865556624,29453.733209138365,128223.40968190524
660,2022-01-01,ID15,Kuwait_Protein_Chicken_Retail_ModernTrade,921.6621811379,2594144.8972807955,5313859.594072904
661,2022-02-01,ID15,Kuwait_Protein_Chicken_Retail_ModernTrade,659.441981327,1649623.9759860402,3629457.2038990846
662,2022-03-01,ID15,Kuwait_Protein_Chicken_Retail_ModernTrade,654.7501034689,1664037.9607489526,3937853.183409912
663,2022-04-01,ID15,Kuwait_Protein_Chicken_Retail_ModernTrade,645.04,1446118.7480100128,3603516.0
664,2022-05-01,ID15,Kuwait_Protein_Chicken_Retail_ModernTrade,705.1195990023,1657830.7354160396,3956168.156885582
665,2022-06-01,ID15,Kuwait_Protein_Chicken_Retail_ModernTrade,615.5665967437,1645692.8037279898,3567463.229988563
666,2022-07-01,ID15,Kuwait_Protein_Chicken_Retail_ModernTrade,329.9513863165175,864054.1025513251,2055466.7502980595
667,2022-08-01,ID15,Kuwait_Protein_Chicken_Retail_ModernTrade,493.4726871282781,1432813.0713036433,3493228.3655639403
668,2022-09-01,ID15,Kuwait_Protein_Chicken_Retail_ModernTrade,709.1936257999665,1470683.0492580023,4078675.1403149823
669,2022-10-01,ID15,Kuwait_Protein_Chicken_Retail_ModernTrade,664.4100195313,1364168.4849010534,3775741.486402277
670,2022-11-01,ID15,Kuwait_Protein_Chicken_Retail_ModernTrade,613.38805470354,1559787.8535800874,3738508.910606359
671,2022-12-01,ID15,Kuwait_Protein_Chicken_Retail_ModernTrade,421.1041255431,838154.0538798218,2373567.916952987
672,2022-01-01,ID13,Kuwait_Protein_Mutton_Retail_ModernTrade,39.21766986,41190.435253373485,171530.60900679932
673,2022-02-01,ID13,Kuwait_Protein_Mutton_Retail_ModernTrade,25.962376624,24815.06695907493,108887.95710017986
674,2022-03-01,ID13,Kuwait_Protein_Mutton_Retail_ModernTrade,67.866577316,76814.02889907004,283703.8915472322
675,2022-04-01,ID13,Kuwait_Protein_Mutton_Retail_ModernTrade,23.49,12100.885461344164,93212.0
676,2022-05-01,ID13,Kuwait_Protein_Mutton_Retail_ModernTrade,30.757212616000004,-4448.242169847319,133391.24285228405
677,2022-06-01,ID13,Kuwait_Protein_Mutton_Retail_ModernTrade,30.427163128,-506.47568109517306,131282.65987755635
678,2022-07-01,ID13,Kuwait_Protein_Mutton_Retail_ModernTrade,22.311278882650267,-3554.6243976160963,96770.7659221532
679,2022-08-01,ID13,Kuwait_Protein_Mutton_Retail_ModernTrade,19.075324382922112,8748.755831224278,105455.42401206226
680,2022-09-01,ID13,Kuwait_Protein_Mutton_Retail_ModernTrade,31.611778221805547,10188.563741288634,153899.3053297313
681,2022-10-01,ID13,Kuwait_Protein_Mutton_Retail_ModernTrade,27.135773228,8169.842820397042,130042.69350291112
682,2022-11-01,ID13,Kuwait_Protein_Mutton_Retail_ModernTrade,23.952885672,16922.54231778538,118695.59534974452
683,2022-12-01,ID13,Kuwait_Protein_Mutton_Retail_ModernTrade,21.105222846,-4223.218216519812,81445.3846976083
684,2022-01-01,ID17,Kuwait_Protein_Seafood(Protein)_Retail_ModernTrade,33.29553696,148388.18725249643,326730.63287786
685,2022-02-01,ID17,Kuwait_Protein_Seafood(Protein)_Retail_ModernTrade,29.39166334,99817.55308956096,255356.2952307007
686,2022-03-01,ID17,Kuwait_Protein_Seafood(Protein)_Retail_ModernTrade,17.94506963,58773.85263959661,156497.55003711378
687,2022-04-01,ID17,Kuwait_Protein_Seafood(Protein)_Retail_ModernTrade,21.380000000000003,81807.91298064351,207183.0
688,2022-05-01,ID17,Kuwait_Protein_Seafood(Protein)_Retail_ModernTrade,18.34979497,80265.55106802368,196554.441790134
689,2022-06-01,ID17,Kuwait_Protein_Seafood(Protein)_Retail_ModernTrade,15.07568481,64162.36085738298,143028.25860888508
690,2022-07-01,ID17,Kuwait_Protein_Seafood(Protein)_Retail_ModernTrade,10.601500201023786,49461.95639951402,104608.43456960616
691,2022-08-01,ID17,Kuwait_Protein_Seafood(Protein)_Retail_ModernTrade,14.551655886502155,86409.63395190213,188822.11393708145
692,2022-09-01,ID17,Kuwait_Protein_Seafood(Protein)_Retail_ModernTrade,15.66165937447884,73010.56212797717,183601.59225529348
693,2022-10-01,ID17,Kuwait_Protein_Seafood(Protein)_Retail_ModernTrade,16.75666548,56481.474892793005,175582.01565596357
694,2022-11-01,ID17,Kuwait_Protein_Seafood(Protein)_Retail_ModernTrade,15.69600642,69014.07266328757,170943.35188752666
695,2022-12-01,ID17,Kuwait_Protein_Seafood(Protein)_Retail_ModernTrade,12.13062444,53291.58524921381,138830.4803438136
696,2022-01-01,ID18,Kuwait_Protein_Turkey_Retail_ModernTrade,16.71562548,142668.28152489942,272594.8370415219
697,2022-02-01,ID18,Kuwait_Protein_Turkey_Retail_ModernTrade,9.48104028,83252.39835292335,151095.95066041526
698,2022-03-01,ID18,Kuwait_Protein_Turkey_Retail_ModernTrade,11.52886276,99187.84148505444,186248.28102148644
699,2022-04-01,ID18,Kuwait_Protein_Turkey_Retail_ModernTrade,8.4,50581.87414192089,126534.0
700,2022-05-01,ID18,Kuwait_Protein_Turkey_Retail_ModernTrade,11.26051492,89855.07233468321,179514.24777270167
701,2022-06-01,ID18,Kuwait_Protein_Turkey_Retail_ModernTrade,10.51185776,59630.5488512353,161533.1527089807
702,2022-07-01,ID18,Kuwait_Protein_Turkey_Retail_ModernTrade,6.987079295232002,48293.6006613321,107782.2709652844
703,2022-08-01,ID18,Kuwait_Protein_Turkey_Retail_ModernTrade,11.247735815373554,85369.55924516406,200085.0584811588
704,2022-09-01,ID18,Kuwait_Protein_Turkey_Retail_ModernTrade,16.586805367019323,75058.84263938521,232482.0157215247
705,2022-10-01,ID18,Kuwait_Protein_Turkey_Retail_ModernTrade,15.6410258,84124.07567071123,218081.0876250972
706,2022-11-01,ID18,Kuwait_Protein_Turkey_Retail_ModernTrade,14.37551922,87869.12696992695,214225.2316959012
707,2022-12-01,ID18,Kuwait_Protein_Turkey_Retail_ModernTrade,7.23796635,42141.54574897829,115805.11920369705
708,2022-01-01,ID19,LowerGulf_Protein_Chicken_FoodServices_HORECA,154.73388,77310.96444360503,486643.8633003437
709,2022-02-01,ID19,LowerGulf_Protein_Chicken_FoodServices_HORECA,183.7864,115385.00384576149,576859.8710285723
710,2022-03-01,ID19,LowerGulf_Protein_Chicken_FoodServices_HORECA,60.0115,65895.27803776939,239206.7485921305
711,2022-04-01,ID19,LowerGulf_Protein_Chicken_FoodServices_HORECA,84.5,86691.7258243773,330107.0
712,2022-05-01,ID19,LowerGulf_Protein_Chicken_FoodServices_HORECA,92.84172,101305.28633573456,342401.26023013325
713,2022-06-01,ID19,LowerGulf_Protein_Chicken_FoodServices_HORECA,108.02042,100587.49195194256,436485.8526300708
714,2022-07-01,ID19,LowerGulf_Protein_Chicken_FoodServices_HORECA,103.7818333285564,125710.30198931944,497901.2765231167
715,2022-08-01,ID19,LowerGulf_Protein_Chicken_FoodServices_HORECA,125.66250033788256,139526.356873698,539326.6951037124
716,2022-09-01,ID19,LowerGulf_Protein_Chicken_FoodServices_HORECA,208.1155920398458,127306.26798416062,882680.945885376
717,2022-10-01,ID19,LowerGulf_Protein_Chicken_FoodServices_HORECA,275.853756,-50147.29509937921,826985.0284073901
718,2022-11-01,ID19,LowerGulf_Protein_Chicken_FoodServices_HORECA,257.752616,115360.17222151022,774220.9416710837
719,2022-12-01,ID19,LowerGulf_Protein_Chicken_FoodServices_HORECA,204.953336,66383.2083198669,701219.4056816152
720,2023-01-01,ID1,Egypt_Protein_Beefy_Retail_Grocery/Retail,80.2332048,48477.75765,164316.8482
721,2023-02-01,ID1,Egypt_Protein_Beefy_Retail_Grocery/Retail,196.38872,39760.87478,259569.8701
722,2023-03-01,ID1,Egypt_Protein_Beefy_Retail_Grocery/Retail,125.90655,80033.648,318053.6056
723,2023-01-01,ID2,KSA_FrozenVeg-Meat_FrozenFries_FoodServices_HORECA,319.6175,70334.252094583,577338.50134142
724,2023-02-01,ID2,KSA_FrozenVeg-Meat_FrozenFries_FoodServices_HORECA,325.3365,77616.360903016,580693.99931369
725,2023-03-01,ID2,KSA_FrozenVeg-Meat_FrozenFries_FoodServices_HORECA,308.3825,58729.464890728,538226.67010852
726,2023-01-01,ID3,KSA_FrozenVeg-Meat_FrozenFries_Retail_Grocery/Retail,200.5192524,84262.251713051,402570.06933565
727,2023-02-01,ID3,KSA_FrozenVeg-Meat_FrozenFries_Retail_Grocery/Retail,188.7360084,73250.928478929,365748.745903482
728,2023-03-01,ID3,KSA_FrozenVeg-Meat_FrozenFries_Retail_Grocery/Retail,183.1487263,60995.590000073,340717.325018782
729,2023-01-01,ID4,KSA_FrozenVeg-Meat_FrozenFries_Retail_ModernTrade,188.3498764,-48415.482253473,251886.077541744
730,2023-02-01,ID4,KSA_FrozenVeg-Meat_FrozenFries_Retail_ModernTrade,182.8720763,-63731.223990001,219902.308267518
731,2023-03-01,ID4,KSA_FrozenVeg-Meat_FrozenFries_Retail_ModernTrade,72.5996637,-14025.053445972,98819.093434058
732,2023-01-01,ID5,KSA_FrozenVeg-Meat_FrozenFries_Wholesale_Wholesale,1066.653,85332.847550411,1807356.325777192
733,2023-02-01,ID5,KSA_FrozenVeg-Meat_FrozenFries_Wholesale_Wholesale,920.267,108485.755685848,1537112.96313609
734,2023-03-01,ID5,KSA_FrozenVeg-Meat_FrozenFries_Wholesale_Wholesale,898.996233,72281.400991577,1448685.754221517
735,2023-01-01,ID6,KSA_FrozenVeg-Meat_FrozenVegetables_Retail_ModernTrade,83.843444968,58525.304536242,163381.65162727
736,2023-02-01,ID6,KSA_FrozenVeg-Meat_FrozenVegetables_Retail_ModernTrade,99.11285852,69453.194148001,177299.271252375
737,2023-03-01,ID6,KSA_FrozenVeg-Meat_FrozenVegetables_Retail_ModernTrade,161.05710268,101432.105365171,286076.793671045
