Date,Meat_KSA_Food Services_Protein_4001320101,Meat_KSA_Food Services_Protein_4001330103,Meat_KSA_Food Services_Protein_4001350207,Meat_KSA_Food Services_Protein_4001370144,Meat_KSA_Food Services_Protein_4001370145,Meat_KSA_Food Services_Protein_4001370861,Meat_KSA_Food Services_Protein_4001371514,Meat_KSA_Food Services_Protein_4001370150,Meat_KSA_Food Services_Protein_4001362302,Meat_KSA_Food Services_Protein_4001371108,Meat_KSA_Food Services_Protein_5011840107,Meat_KSA_Food Services_Protein_4001371508,Meat_KSA_Food Services_Protein_4001370845,Meat_KSA_Food Services_Protein_4001371509,Meat_KSA_Food Services_Protein_4001370310,Meat_KSA_Food Services_Protein_4001370807,Meat_KSA_Food Services_Protein_4001370140,Meat_KSA_Food Services_Protein_4001350111,Meat_KSA_Food Services_Protein_4001310114,Meat_KSA_Food Services_Protein_4001340101,Meat_KSA_Food Services_Protein_4001340301,Meat_KSA_Food Services_Protein_4001350602,Meat_KSA_Food Services_Protein_4001351012,Meat_KSA_Food Services_Protein_4001370147,Meat_KSA_Food Services_Protein_4001370813,Meat_KSA_Food Services_Protein_4001370815,Meat_KSA_Food Services_Protein_4001370816,Meat_KSA_Food Services_Protein_4001370889,Meat_KSA_Food Services_Protein_4003350305,Meat_KSA_Food Services_Protein_4003350401,Meat_KSA_Retail_Protein_4001310103,Meat_KSA_Retail_Protein_4001310140,Meat_KSA_Retail_Protein_4001310141,Meat_KSA_Retail_Protein_4001320101,Meat_KSA_Retail_Protein_4001320201,Meat_KSA_Retail_Protein_4001330103,Meat_KSA_Retail_Protein_4001350114,Meat_KSA_Retail_Protein_4001350207,Meat_KSA_Retail_Protein_4001360102,Meat_KSA_Retail_Protein_4001360106,Meat_KSA_Retail_Protein_4001360308,Meat_KSA_Retail_Protein_4001370123,Meat_KSA_Retail_Protein_4001370125,Meat_KSA_Retail_Protein_4001370144,Meat_KSA_Retail_Protein_4001370145,Meat_KSA_Retail_Protein_4001370226,Meat_KSA_Retail_Protein_4001370231,Meat_KSA_Retail_Protein_4001370235,Meat_KSA_Retail_Protein_4001370255,Meat_KSA_Retail_Protein_4001370303,Meat_KSA_Retail_Protein_4001370707,Meat_KSA_Retail_Protein_4001370806,Meat_KSA_Retail_Protein_4001370846,Meat_KSA_Retail_Protein_4001370852,Meat_KSA_Retail_Protein_4001370861,Meat_KSA_Retail_Protein_4001370905,Meat_KSA_Retail_Protein_4001371109,Meat_KSA_Retail_Protein_4001371201,Meat_KSA_Retail_Protein_4001371514,Meat_KSA_Retail_Protein_4001370150,Meat_KSA_Retail_Protein_4001370306,Meat_KSA_Retail_Protein_4001370316,Meat_KSA_Retail_Protein_4001370904,Meat_KSA_Retail_Protein_4001370124,Meat_KSA_Retail_Protein_4001386130,Meat_KSA_Retail_Protein_4001310174,Meat_KSA_Retail_Protein_4001310402,Meat_KSA_Retail_Protein_4001310505,Meat_KSA_Retail_Protein_4001310701,Meat_KSA_Retail_Protein_4001340501,Meat_KSA_Retail_Protein_4001360307,Meat_KSA_Retail_Protein_4001361602,Meat_KSA_Retail_Protein_4001362302,Meat_KSA_Retail_Protein_4001370181,Meat_KSA_Retail_Protein_4001370230,Meat_KSA_Retail_Protein_4001370283,Meat_KSA_Retail_Protein_4001370325,Meat_KSA_Retail_Protein_4001370872,Meat_KSA_Retail_Protein_4001371108,Meat_KSA_Retail_Protein_4001371537,Meat_KSA_Retail_Protein_4003350501,Meat_KSA_Retail_Protein_5011810203,Meat_KSA_Retail_Protein_5011840107,Meat_KSA_Retail_Protein_4001310149,Meat_KSA_Retail_Protein_4001371508,Meat_KSA_Retail_Protein_4001350115,Meat_KSA_Retail_Protein_4001370845,Meat_KSA_Retail_Protein_4001371538,Meat_KSA_Retail_Protein_4001370310,Meat_KSA_Retail_Protein_4001370807,Meat_KSA_Retail_Protein_4001310123,Meat_KSA_Retail_Protein_4001370284,Meat_KSA_Retail_Protein_4001370285,Meat_KSA_Retail_Protein_4001370140,Meat_KSA_Retail_Protein_4001350111,Meat_KSA_Retail_Protein_4001310506,Meat_KSA_Retail_Protein_4001310114,Meat_KSA_Retail_Protein_4001340101,Meat_KSA_Retail_Protein_4001340301,Meat_KSA_Retail_Protein_4001350602,Meat_KSA_Retail_Protein_4001351201,Meat_KSA_Retail_Protein_4001370147,Meat_KSA_Retail_Protein_4001370272,Meat_KSA_Retail_Protein_4001370273,Meat_KSA_Retail_Protein_4001370859,Meat_KSA_Retail_Protein_4003350305,Meat_KSA_Retail_Protein_4003350308,Meat_KSA_Retail_Protein_4003350401,Meat_KSA_Retail_Protein_4003350306,Meat_KSA_Retail_Protein_4001361104,Meat_KSA_Wholesale_Protein_4001310141,Meat_KSA_Wholesale_Protein_4001320101,Meat_KSA_Wholesale_Protein_4001320201,Meat_KSA_Wholesale_Protein_4001330103,Meat_KSA_Wholesale_Protein_4001350114,Meat_KSA_Wholesale_Protein_4001350207,Meat_KSA_Wholesale_Protein_4001360102,Meat_KSA_Wholesale_Protein_4001360106,Meat_KSA_Wholesale_Protein_4001360308,Meat_KSA_Wholesale_Protein_4001370123,Meat_KSA_Wholesale_Protein_4001370125,Meat_KSA_Wholesale_Protein_4001370144,Meat_KSA_Wholesale_Protein_4001370145,Meat_KSA_Wholesale_Protein_4001370806,Meat_KSA_Wholesale_Protein_4001370852,Meat_KSA_Wholesale_Protein_4001370861,Meat_KSA_Wholesale_Protein_4001370150,Meat_KSA_Wholesale_Protein_4001370306,Meat_KSA_Wholesale_Protein_4001310505,Meat_KSA_Wholesale_Protein_4001340501,Meat_KSA_Wholesale_Protein_4001360307,Meat_KSA_Wholesale_Protein_4001362302,Meat_KSA_Wholesale_Protein_4001370230,Meat_KSA_Wholesale_Protein_4001370872,Meat_KSA_Wholesale_Protein_4001371108,Meat_KSA_Wholesale_Protein_4001371537,Meat_KSA_Wholesale_Protein_4001310149,Meat_KSA_Wholesale_Protein_4001371508,Meat_KSA_Wholesale_Protein_4001370845,Meat_KSA_Wholesale_Protein_4001370310,Meat_KSA_Wholesale_Protein_4001370807,Meat_KSA_Wholesale_Protein_4001310123,Meat_KSA_Wholesale_Protein_4001370284,Meat_KSA_Wholesale_Protein_4001370285,Meat_KSA_Wholesale_Protein_4001370140,Meat_KSA_Wholesale_Protein_4001350111,Meat_KSA_Wholesale_Protein_4001310506,Meat_KSA_Wholesale_Protein_4001310114,Meat_KSA_Wholesale_Protein_4001340101,Meat_KSA_Wholesale_Protein_4001340301,Meat_KSA_Wholesale_Protein_4001350602,Meat_KSA_Wholesale_Protein_4001370147,Meat_KSA_Wholesale_Protein_4001370273,Meat_KSA_Wholesale_Protein_4001370813,Meat_KSA_Wholesale_Protein_4001370859,Meat_KSA_Wholesale_Protein_4003350305,Meat_Kuwait_Food Services_Protein_4003350128,Meat_Kuwait_Food Services_Protein_4001370339,Meat_Kuwait_Retail_Protein_4001370340,Meat_Kuwait_Retail_Protein_4001310409,Meat_Kuwait_Retail_Protein_4001320114,Meat_Kuwait_Retail_Protein_4001320217,Meat_Kuwait_Retail_Protein_4001370353,Meat_Kuwait_Retail_Protein_4001370374,Meat_Kuwait_Retail_Protein_4003350128,Meat_Kuwait_Retail_Protein_4003350132,Meat_Kuwait_Retail_Protein_4003350335,Meat_Kuwait_Retail_Protein_4003350338,Meat_Kuwait_Retail_Protein_4003350344,Meat_Kuwait_Retail_Protein_4003350351,Meat_Kuwait_Retail_Protein_4003350136,Meat_Kuwait_Retail_Protein_4001310187,Meat_Kuwait_Retail_Protein_4003350355,Meat_Kuwait_Retail_Protein_4001310199,Meat_Kuwait_Retail_Protein_4001310408,Meat_Kuwait_Retail_Protein_4001311060,Meat_Kuwait_Retail_Protein_4001311410,Meat_Kuwait_Retail_Protein_4001320216,Meat_Kuwait_Retail_Protein_4003350129,Meat_Kuwait_Retail_Protein_4003350130,Meat_Kuwait_Retail_Protein_4003350337,Meat_Kuwait_Retail_Protein_4003350341,Meat_Kuwait_Retail_Protein_4003350345,Meat_Kuwait_Retail_Protein_4003350346,Meat_Kuwait_Retail_Protein_4003350348,Meat_Kuwait_Retail_Protein_4003350362,Meat_Kuwait_Retail_Protein_5013371126,Meat_Kuwait_Retail_Protein_5013371127,Meat_Kuwait_Retail_Protein_5013371131,Meat_Kuwait_Retail_Protein_5013371132,Meat_Kuwait_Retail_Protein_5013371133,Meat_Kuwait_Retail_Protein_5013371134,Meat_Kuwait_Retail_Protein_5013371137,Meat_Kuwait_Retail_Protein_5013371138,Meat_Kuwait_Retail_Protein_5013371140,Meat_Kuwait_Retail_Protein_5013730101,Meat_Kuwait_Retail_Protein_5013730604,Meat_Kuwait_Retail_Protein_5013720151,Meat_Kuwait_Retail_Protein_5013371142,Meat_Kuwait_Retail_Protein_4001310193
2020-01-31,1.112,1.048,1.683,10.976994,0.32256,41.931,0.645,4.224999,0.42,3.178545408,0.5559996,6.701,23.232,6.326,8.711,4.96,10.5975,0.488239728,38.178,0.752,1.104,0.819,0.190512,13.2489,96.2829,80.59,8.72304,5.21,0.39,0.6675,27.776304000000003,6.0935743584,7.02039168,14.2356,45.77,21.6424,76.09537660800001,11.7596214,14.3635,11.08796112,10.84798764,12.6360315648,39.5766495936,46.3308315,52.495296,9.514442088,14.72119272,13.20679512,28.8675,21.9755628,2.0789991,7.33780404,0.229,2.19114126,226.716,14.50902024,0.0072518399999999,0.0488023199999999,4.03575,36.051915,8.14559256,20.2425,16.378179839999998,67.9901753664,0.6768,2.3184,7.047132,13.713228,3.1903680000000003,28.2644,1.728623616,10.83063312,8.759001,5.12479656,37.37438784,11.83425,10.8885,89.01299999999999,4.633474752,21.141,0.0,4.37720904,8.3069988,27.58,0.37,15.193915104,0.841,18.7875,0.205,0.2,5.5663444728,21.87975,19.5255,38.862315,32.412879456,9.378669888,16.5591,9.7232,15.3756,4.248,2.1225,0.54,2.43,1.364,83.03755000000001,13.25,11.63,7.395000749999999,9.8,0.78432,0.317304,33.32,188.6972,3.8116,74.770079184,9.27675,21.589,0.8136,3.9617964,11.4564812544,0.99792,6.328005,6.060096,0.10584,0.06804,56.54,1.665,0.19599984,0.317304,1.456,0.05152512,0.24,5.5152,2.05,3.650433696,0.045,0.34,2.6,15.577,1.495,1.89,38.63924712,0.09,0.105,8.734185,0.5712,1.38096,25.52445,1.9352,16.3764,0.261,1.3932,4.33,2.958,4.25,4.24,1.098,17.36,28.8524,-0.1268064,12.362,6.167,7.858517184,22.029336,5.801805,1.642806,0.62892024,1.1261603999999998,2.6150953,0.6746237820000001,12.09841395,-0.0310725,2.9270016,-0.088257,18.77402016,15.99360168,4.665495744,11.567554984,2.440578024,12.8519946,1.2634731,9.3901572,5.3687772,3.054735,3.6356148,1.9891152,14.2795005,7.025337,10.9123,8.4483,3.4478500000000003,3.75375,3.3551,4.2476,4.70275,4.895,4.555000000000001,13.008,1.439022315,8.6669985
2020-02-29,0.896,1.008,2.988,8.566998,0.04704,49.445,1.4175,4.394001,0.447,3.132471744,0.57,10.067,16.983,0.553,8.027,3.965,11.1312,0.46512,33.73785,0.568,1.448,0.801,0.163296,13.3542,103.4637,83.37,7.06656,1.472,0.35,0.4725,26.207412,5.8735584768,6.6263058072,16.4508,47.380880000000005,23.7156,76.99944340799999,10.7975385,9.3085,8.848388159999999,9.72992088,13.501660032,28.6338822336,22.84731,57.453312,8.966097360000001,19.60679232,17.569998000000002,21.78,22.65916536,1.881,9.047157084,0.88,13.28449626,146.17000000000002,15.93962784,5.760000000000487e-06,-0.00039384,10.79775,29.034817500000003,9.78645744,15.2775,21.16388088,77.3374791168,0.16920216,1.46839608,9.707604,10.08186,2.97846336,28.8992,1.344628992,9.94602888,6.804009,4.12438896,2.40235488,19.5735,16.57875,57.897333,4.223047104,20.87775,0.0,5.1151356,8.611023,29.532,0.28,5.8167091200000005,0.272,10.05825,0.06,0.192,5.3507738304000005,11.98125,10.2135,36.7867503,28.857292464,7.638081695999999,13.6215,14.968,19.9764,3.5820000000000003,2.2425,0.1728,2.437,1.594,79.126,12.98,10.29,6.99749925,9.3,0.5811482880000001,0.374256,51.9932,175.20552,4.16,64.233479184,8.86896,15.6865,1.2816,3.054888,11.8832894208,0.713664,3.4176,7.162176,0.15419376,0.233604,74.867,2.2930995,0.1296,0.227808,2.2892,0.12288,0.204,0.00684,0.957667,1.684325664,0.075,0.2,3.01,19.758,1.02,1.65,30.8462926104,0.0075,0.0075,12.0906,0.717264,0.906192,25.2828,3.2396,16.4944,0.225,1.404,3.299,3.06,4.41,3.47,1.1789999999999998,17.490000000000002,20.7895,0.0815808,11.396,4.774,6.3463756608,18.11964,4.6869003,1.018233,0.57305784,0.9785298,2.2163161,0.5043124800000001,8.92525725,6.759,2.2906008,5.964830999999999,7.0644837312,2.77423104,3.3886879488,10.17156582,2.075776056,9.333378,0.9485739,6.0733584,4.0359564,1.9868544,2.6355834,1.32896952,11.0234985,4.841002499999999,7.61215,5.2668,2.45735,2.62045,3.1276,3.8192,3.4307,2.77,2.2565,9.385,1.14256074,7.3030335
2020-03-31,0.896,1.048,2.088,10.321002,0.54432,61.76,0.585,1.860003,0.2314998,2.391352416,0.438,1.148,11.172,0.06,6.105,3.068,8.055,0.15504,31.34025,0.432,1.48,0.63,0.09072,13.4838,66.78756,74.93,6.4056,1.698,0.57,0.5325,60.83120412,8.6920809552,10.8550381824,48.3588,135.19832,48.802,116.475524208,17.0549847,18.5975,21.51907344,13.00971456,19.81224,62.2741307328,43.360428,81.814656,13.973286024,28.0602252,27.7979004,46.275,34.88103648,2.1424995,16.439954831999998,9.49,18.13009338,288.101,27.258408,0.0079149599999999,0.0032781599999999,19.25475,40.292916,17.85752928,31.569,32.15516832,101.2830606144,0.0,3.06040176,11.189712,11.069028,4.23022752,110.119208,2.415865344,10.69286076,9.5454978,6.607992960000001,0.00798768,20.30625,15.95175,75.58,6.90264288,25.957500000000003,26.52075,80.11564847999999,17.1839994,38.831,0.051,9.8736,0.8,16.22925,0.11,0.159,8.9875715256,27.97050075,27.957,47.024235,46.454878368,10.09267056,18.06705,24.6816096,36.284,5.409,1.8675,0.2268,2.5780000000000003,1.749,133.23045000000002,15.04,12.58,5.8349985,11.61,0.7777326240000001,1.0483236,55.008,404.2188,5.4796,66.80592,5.31,17.64,1.52568792,2.6052408,17.25110016,1.560384,8.19645,8.23872,0.53852904,0.0399168,124.497,1.809,0.1152,0.932928,6.995992,0.104448,0.252,-0.00864,1.21,2.170323936,0.03,0.539,0.45,13.22,1.16,1.53,39.3429834576,0.165,0.165,10.035765,0.99552,1.0858176,19.5804,5.06476,23.828,0.081,0.7668,5.222,1.53,2.17,1.0,0.4679999999999999,12.05,31.516,15.960180096,8.742999999999999,6.734,9.5733211392,22.184736,6.360885,1.821312,0.7246008,1.3401,2.668827,0.802958562,11.29261875,6.253995000000001,2.54498616,39.5969475,-0.0080607744,19.79598264,0.5792822784,13.795698908,2.664421164,13.56795,1.3409666999999998,7.6792014,5.760792,2.6713206,3.5345412,1.60172784,14.77459425,7.329252,5.9941,2.7755,6.7445,4.03095,7.686,8.372,7.169499999999999,5.3085,0.024,12.6424,2.315459445,6.953001
2020-04-30,0.36,0.1512,0.5486256,2.835999,0.10752,15.19,-0.07275,0.3580005,0.0789996,0.415196928,0.288,0.32,2.175,-0.09,0.413,0.401,5.0445,0.1632,4.2498,0.072,0.6056,0.027,0.09072,3.2832,16.85142,2.18,0.459,0.024,-0.17,-0.03,52.5353724,11.391012912,13.866879614400002,112.8708,364.8888,67.4288,69.880736928,19.6316235,21.8665,23.29680168,14.4794412,20.6334971136,59.9430440448,61.7699205,62.383104,17.49922056,35.04919392,19.56198168,40.587,14.955150239999998,4.6784961,17.861754204,24.696,27.126525888,128.8847,29.83278888,0.0,0.0,18.9525,38.590857,13.43639736,31.48275,31.79677824,92.0498535936,7.77639744,3.43799928,14.34648,12.749112,5.684800319999999,204.008,6.463608576,16.04902896,11.9854968,6.1524,7.33755168,15.59025,13.72725,184.757,14.291983008,23.5485,22.95,101.28781656,33.596298,47.29,1.079,9.701895648,1.084,27.5025,0.14,0.255,12.9525095592,31.7775,24.59475,61.61256899999999,38.569599456000006,13.465622016,27.21735,46.2948,89.05799999999999,6.786,1.92,2.7648,2.82,1.963,168.958,11.14,9.12,6.9375,8.16,1.395359088,1.7076560904,75.32,811.824,11.6188,65.046076464,6.417,22.749,3.41120016,1.48353552,26.0650322688,2.9487350592,6.7639995,11.227776,1.08864,0.52122042,49.3603,2.2930995,0.08719992,0.52884,28.4732,0.327744,0.024,0.142848,15.126,2.109599424,0.04725,0.47,2.72,7.58,1.01,1.0,53.518608,0.26625,0.348,8.412831,1.85232,2.013760224,28.1016,6.304,46.9244,0.018,1.2312,3.209,0.0306,11.09,0.1,0.423,2.67,37.44884,28.305312,8.869000000000002,7.769649999999999,8.1402172992,30.648074688,10.4504994,2.8427355,1.01782296,1.9794978,2.4451331,1.209601134,13.09329315,10.472196,4.16374848,74.6714865,-5.564159999999971e-05,1.90567776,-0.044339904,26.594728892,2.689811316,16.3229832,2.1950415,12.1018176,9.6438438,4.1567832,4.4302410000000005,3.33973512,21.376743,7.60150575,13.92265,18.5017,2.54345,3.69355,5.8037,6.7466,5.15255,9.335,-0.057333,14.249699,2.160799815,8.248998
2020-05-31,0.792,1.088,0.3423744,0.6569985,0.02688,9.733,0.01725,1.064001,0.072,0.350398656,0.3929988,0.561,4.77,0.059,0.323,0.996,0.6813,0.21216,1.2852,0.5736,0.4488,-0.28755,0.154224,0.8856,24.18828,4.02,0.1224,0.05,0.03,0.0075,39.184332,5.9356388688,10.203308784,26.3792,65.922,27.5156,34.232662272,12.0838752,15.632,8.71838784,1.42918452,7.5769940736,61.9085775168,30.326451,26.787264,14.112857448,14.92119,8.50999608,22.11,0.85599864,2.8989990000000003,10.922509584,28.764,19.056229668,97.161,19.28237472,0.0,0.0003995999999999,12.66525,33.731859,11.687994,28.14975,19.76594184,59.5855092672,9.21919104,3.80519928,8.884512,9.3903,3.35359968,54.2188,2.56927872,8.62439076,12.2744952,7.999596,20.20518072,5.1075,5.5680000000000005,166.015,12.74974128,19.5675,9.0375,32.24239056,19.2979914,28.605,0.25,10.579439184,0.968,12.87825,0.03,0.212,7.5447796608,24.537,22.79625,25.1289,21.087138096,12.018617856,12.15945,20.628,24.0848,3.03255,1.4025,0.2375999999999999,1.542,1.531,108.016,8.225,6.975,5.06999925,6.035,1.08528,1.3221,56.038,279.3184,6.84,46.559598912,5.743125,21.25,1.11559968,0.7668,8.2084886016,4.1529595968,7.0469985,2.17728,0.80892,0.680399244,80.363,1.8291,0.3276,0.59664,24.1012,0.23616,0.75,4.42039968,31.758,1.786559328,0.075,0.94,0.2,4.322,0.23,0.88,24.6114,0.15,0.0975,3.5343,1.03632,1.14912,10.1736,7.536,21.968,0.009,0.324,2.35,0.0204,5.096,0.385,0.036,0.3,44.152,20.4542016,4.508,3.46465,6.8372724672,24.361848,8.54748,3.915,1.05380016,0.9239988,1.87841,0.91129374,16.044147000000002,10.2851445,3.996936,10.136496,-0.0110847744,19.28190264,-0.0103001472,29.862773436,3.427472556,19.4583978,2.2847958,12.9696354,8.897014800000001,4.3450812,3.4358886,3.11428584,19.077117,4.665996,43.210188,15.671600000000002,2.128,4.1986,1.6499,2.2974,2.03775,9.104167,6.89334,11.909394,1.13145963,3.645
2020-06-30,0.384,0.512,0.3427497,8.233995,0.18816,23.36,0.2775,4.344999,0.174,1.798555968,0.18,5.143,12.841,2.849,3.47,2.463,3.5901,0.2856,14.34645,0.2908,0.6552,0.87435,0.353808,3.5748,76.20522,20.32,8.1192,4.891,0.05,0.18,51.359856,7.567098336,17.5036594104,19.7872,51.6568,19.316,66.743270784,16.1493705,20.695,16.8863868,14.78513196,19.18846272,52.7794892352,43.869366,78.152256,10.071308664,14.91195456,13.00715712,9.49425,0.04792032,3.321495,17.207340192,22.322,16.809647148,149.303,22.78195848,-0.0072,-0.0003995999999999,13.831499999999998,53.141835,9.327996,18.2835,20.123156880000003,89.204165568,4.4755408800000005,4.01039928,12.57012,7.448508,5.137632,35.2864,2.8959790080000003,12.27292992,13.516995,7.87679712,29.9542968,2.7825,2.1705,63.203,11.807515584,25.85325,12.945,6.30759744,6.658993199999999,34.797,1.0399999999999998,9.32619864,1.153,23.17575,0.051,0.322,8.9170006752,34.461,35.22825,38.5074,39.127479888,16.187185728,19.34145,18.6284,21.0316,7.465949999999999,2.1975,0.6264000000000001,1.818,1.951,62.218,12.15,9.19,6.1199985,8.48,1.622852928,3.3330482712,41.336,135.5,3.3,87.838272672,4.995,19.647,2.4336,2.36465892,26.02500096,4.6032126336,8.2959,11.37024,1.037450484,0.44604,105.909,2.920098,0.25639992,0.511212,5.3376,0.482253312,0.666,5.880888,8.620000000000001,3.522239424,0.213,0.987,5.36,8.91,1.42,1.46,44.06327424,0.765,0.5175,12.6774,0.6018,1.850240448,34.182,4.2608,24.0216,0.0207,0.918,5.97,0.816,3.3,0.83,0.126,2.49,26.0825,32.6243232,9.94,8.134,10.1203337088,33.30516,6.50988,1.5962427,1.40196072,0.0212496,2.1512492,1.675170126,16.791354300000002,11.196576,4.55298984,40.308903,-0.022171968,16.54881312,-0.0170174592,20.450610692,4.45535748,19.1812194,3.2005044,12.7381212,8.4897198,6.614416800000001,6.555988800000001,4.0155516,23.56886175,6.24149625,11.5780973,7.9597,3.3383000000000003,2.51825,3.7485,8.7199,10.3285,3.9002,-0.0677,16.086541,2.370189105,6.579
2020-07-31,0.348,0.464,0.639,10.2759945,0.45696,38.458,0.54225,3.819999,0.1799994,1.48462848,0.306,7.377,25.667,8.171,5.376,3.474,6.3477,0.19584,27.84105,0.504,0.36,0.495,0.471744,9.38655,64.8822,29.83,40.21452,2.825,0.49,0.405,37.94766,3.8576876544,11.3546007864,19.3232,35.9944,11.5644,81.354166128,15.6149964,14.155,11.65998096,15.78592584,15.4233870336,65.0770630272,50.576973,73.69555199999999,9.828246456,21.99679704,20.08639656,1.2952499999999998,4.09355928,3.0414987,13.378253868,6.766,21.553968996,64.592,16.310785680000002,0.007992,-0.0071999999999999,12.8115,37.018959,11.3123988,2.619,23.14639152,57.032404128,6.92399736,2.5308,9.91236,14.232576,4.21556832,18.2308,2.77567872,15.62694444,13.9694946,3.60439632,4.96598616,10.146,9.83475,28.46,4.523965344,16.13475,17.328000000000003,2.354976,0.8349996000000001,20.205,0.49,7.287559728,1.0359999999999998,25.69125,0.089,0.225,6.1087707792,30.43275,31.89225,37.3599,41.372274672,7.947436896,16.8075,15.2996,20.368,4.16403,2.2305,0.37665,2.601,1.895,29.134,10.27,8.58,6.465,7.76,1.07666616,1.7655477984,25.1888,105.9292,1.2876,57.82992,6.165,15.128,1.49719968,3.94146,21.89607168,2.890944,8.164908,10.413312,0.57456,0.95256,55.284,3.2719995,0.3168,0.527484,3.592,0.345279744,0.78,1.634004,4.766,0.9777888,0.075,0.78,6.13,22.074,1.39,3.22,40.533552,0.6675,0.4575,12.7458,1.39434,0.64512,32.94,3.048,14.93,0.14697,1.0908,7.75,1.2954,2.71,1.09,1.386,4.42,21.285,20.878368,9.183649999999998,7.202649999999999,10.741447584,29.149400448,8.981802,3.3345009,1.37220336,2.1510492,2.5787,1.498474404,16.838105549999998,-0.0365025,5.7772116,46.427958,-0.0100783872,-0.07671888,-0.0313487999999999,17.727644904,4.819834584,8.913438000000001,1.9399347,13.2291054,3.2492682,3.2846328,5.041789199999999,2.36503944,20.832972,9.52397925,16.6432,9.1994,5.43865,5.299,10.43973,7.1274,5.693350000000001,5.3959,6.4115,13.6218,2.1084483300000003,8.030997
2020-08-31,0.976,1.12,1.242,8.7779895,0.40992,18.172,0.549,3.7650015,0.2524998,2.755195776,0.2469996,19.66,32.295,6.052,5.769,4.2,6.9768,0.07344,31.9059,0.336,0.592,0.189,0.471744,11.3562,69.9873,66.478,36.77406,0.29,0.41,0.3525,37.191012,6.823205956800001,7.8737905512,12.4496,30.908,12.476,64.139484144,13.9327434,11.245,13.20626232,12.08872188,12.308024064,52.9051134528,37.943772,54.534144,10.91676852,15.54239088,14.50879488,0.5925,2.92875696,2.4889995,11.091765888,1.964,19.247729004,119.536,18.69998688,0.0003599999999999,0.0071999999999999,13.191,28.3809375,10.22359248,5.42175,24.12198576,75.847701888,5.9167908,1.8,8.247192,11.539560000000002,3.41239968,19.0876,3.4758336,9.75299292,13.2394956,4.66999632,1.45655784,7.00725,6.3795,20.255,7.545102048,19.824,14.4075,4.38879672,8.545497600000001,34.069,1.595,15.52032,1.5830000000000002,25.59375,0.081,0.303,5.9510112984,33.85575,24.12525,53.0397,39.809919456,8.095252032,14.55435,14.3876,18.1244,7.092,2.295,0.6021000000000001,2.555,1.571,49.534000000000006,9.29392,7.090000000000001,5.9925,6.430000000000001,0.7296,0.7435400904,30.2304,100.5012,2.88,52.07658144,5.0564997,12.03,0.9936,2.9142666,13.3844723712,2.165184,4.5711,8.330112,0.44604,0.675359748,48.523,3.3820005,0.0432,0.541044,1.856,0.30688512,0.438,1.61064,5.235,2.966406624,0.045,0.76,12.71,39.904,1.22,2.78,37.04231304,0.09825,0.10575,14.2407,0.71808,1.06848,32.292,3.2556,13.1732,0.144,1.7118,7.23,1.49226,2.47,0.97608,1.026,7.79,19.1195,15.06176448,12.37586,8.1683,8.775793152,22.981056,6.96474,2.5335648,1.20428136,1.3184004,1.852145,1.02729627,11.87735115,6.399951000000001,4.07081304,47.852586,-0.016111872,-0.06059256,-0.0129878784,12.452129492,3.14507268,6.3280044,1.6055019,10.0006812,6.668037,3.2633316,4.148747999999999,2.6560224000000003,8.931865499999999,4.39899825,2.1637,12.41968,2.8983290000000004,3.9144,4.1853,4.5654,1.55935,4.603000000000001,1.22745,10.8995,1.3656663,5.2159965
2020-09-30,3.5272,0.488,0.565875,7.423995,0.08064,29.859,0.16875,3.375,0.342,2.885746176,0.75,13.412,45.029,4.595,6.75,3.602,8.7075,0.204,40.2246,0.512,0.728,0.783,0.598752,9.30825,70.8645,60.302,40.70616,2.1,0.2,0.195,35.81874,5.8958760672,7.410495794399999,16.872799999999998,50.5356,16.624,114.205821024,13.072497299999998,12.556,17.896093200000003,11.63158704,12.0376585728,57.0002928768,44.0427765,75.66048,10.071191376000002,19.37918808,19.64000016,0.3075,0.77359968,2.3985,11.212245828,0.0,19.20825144,194.523,4.26038544,0.00396,1.4400000000001215e-06,22.995,35.5299405,12.51479592,5.115,27.21997296,83.0622256128,5.56758864,1.72440072,7.085100000000001,9.752351999999998,3.11120064,18.19496,6.380798208,11.22599844,12.6189972,3.76754616,0.07359192,18.24375,11.49375,59.056,11.3106456,22.10175,18.63,11.17519632,10.160499,26.721,0.499,8.845438368,1.106,19.45125,0.079,0.386,5.7196023048,39.11475,33.59325,36.2061,48.085519728,9.752801184,15.38595,16.2148,21.3396,5.931,1.8225,0.37395,2.937,1.5539999999999998,36.532,9.33,7.25,5.04749925,6.49,0.957598176,0.2761716384,38.6772,158.4388,4.04,45.1656,4.797,13.12,0.7092,2.34240012,12.78885888,2.1645102528,4.8280995,6.607104,0.43896762,0.4221504,71.064,2.7550005,0.1292004,0.470532,2.70584,0.106559232,0.348,0.22880808,2.979,2.707747488,0.0375,0.38,4.87,39.059,1.31,3.13,30.14388,0.3225,0.1275,5.3145,0.62832,1.1088,17.3988,3.5356,14.1436,0.468,1.0773,6.439,5.1306,3.13,1.15,1.926,15.68,31.262351,15.111936,10.6435,7.49,6.511072377600001,18.65336928,5.949,1.9287063,0.85299288,1.4086991999999998,2.127087,1.037397942,10.5274785,5.3155155,3.56500944,43.597167,-0.0096755904,-0.06885312,-0.0111960576,11.458868292,2.311216164,11.9790378,1.9766727,7.894673999999999,5.3342478,2.2130568,2.2044546,2.13969672,1.10000175,4.7359935,2.0398,4.0096,2.97325,3.3645500000000004,4.4625,5.3837,4.67155,4.20164,1.9535,10.031,1.356420555,8.0499945
2020-10-31,1.0088,1.008,1.44,11.629995,0.4032,28.354,0.38025,6.4279980000000005,0.198,2.766222144,0.15,16.146,32.091,11.333,6.857,3.831,9.8964,0.02448,35.857350000000004,0.36,0.904,0.738,1.04328,11.98125,65.26674,82.513,35.10636,3.247,0.46,0.4725,25.80468,5.444567808,6.908775523199999,12.1832,33.2316,19.0012,72.872880816,13.1088717,16.734,15.71517432,12.58498188,11.2485993984,58.1057051904,33.951909,69.03456,8.754715224,20.51478936,20.76159312,0.2024999999999999,0.0111996,2.6145,7.336550592,0.03,13.67474724,146.11,7.003600560000001,7.199999999991935e-07,0.0,18.73875,36.0729225,13.53719664,6.007499999999999,24.71798448,79.2816933888,4.5555912,1.5631992,6.9495,8.437032,2.91839904,25.5892,4.815078912,12.35338992,12.105996,3.4891956,4.79600064,19.24875,20.985,61.76,9.98634096,14.667,21.165000000000003,5.08759128,3.9169986,28.746,1.717,6.53616,0.7210000000000001,11.09325,0.175,0.21,5.4958623048,28.28325,24.15,38.182500000000005,56.55934190399999,9.251008704,15.0201,13.4592,17.5708,4.752,2.2575000000000003,0.378,2.48,1.465,72.66,12.325,10.64,6.3825,8.620000000000001,0.5928,0.659016,37.392,93.7668,1.992,53.67954,3.9322503,14.05,1.12279968,2.0628,12.2914654464,1.75392,2.247,7.37856,0.66528,0.25326,63.473,2.706999,0.0432,0.80004,3.184,0.137558016,0.624,0.0352008,4.38,2.315039616,0.015,0.54,6.389,40.088,1.24,2.68,32.86944,0.525,0.4125,12.5964,0.37536,0.82656,16.146,3.872,15.1636,0.324,1.39995,6.65,2.04,3.76,1.5,1.998,11.41,-0.436,12.1183104,12.341,8.603,6.4543917312,16.33968,5.311494,1.8869958,0.8600426400000001,1.5815622,1.846607,0.867670272,11.13360675,4.049658,2.96169408,34.6766715,-0.0100783872,-0.08487024,-0.0143321472,10.440803256,2.481197868,10.2240864,1.6322508,8.048826,5.3959788,2.693394,3.8770092,2.318094,15.56396025,5.68099275,10.48775,8.0136,3.66415,3.79925,4.6039,4.515,6.494149999999999,4.2860000000000005,1.1695,13.151599,1.18529463,6.9519885
2020-11-30,2.696,1.12,1.764,11.4419835,0.14784,34.256,0.435,4.004001,0.084,2.686533696,0.384,24.445,38.835,20.046,7.002,4.125,11.2572,0.102339456,43.335,0.608,1.6760000000000002,0.738,0.843696,11.3292,65.99502,88.312,42.19638,1.554,0.46,0.2775,37.508316,4.968313488,6.4567645848,20.2228,42.3864,15.4884,73.88879592,11.8987461,12.794,13.25073672,8.58350304,10.5630852096,36.5022576576,38.0559165,64.02144,8.049755376,13.2687828,17.15518656,7.89075,4.57639488,2.0549997,10.255889952,15.893999999999998,18.033894648,73.3198,14.40479088,5.98719672,0.0,17.7825,38.5779105,13.96836,4.5075,9.353592,96.6380792832,6.24163824,1.2276,6.209124,8.385504000000001,2.6304,20.4616,2.135548416,8.34118344,11.9409966,2.91359736,5.49319032,17.351249999999997,12.5025,41.532,9.28272096,23.21625,16.11375,4.04119584,6.419499,37.354,3.385,5.2305591840000005,1.727,7.16805,0.055,0.12,6.3772579656,25.22475,20.8005,37.6839,38.060616192,8.234089919999999,15.4872,15.8668,21.8656,5.148,1.649613,0.6156,2.257,1.404,66.7234,9.8605,7.970000000000001,6.442500000000001,7.48,0.51984,0.365668452,36.368,183.3804,3.4636,53.248077552,6.057,14.8885,1.10079936,1.0476,10.7197423872,1.2035507904,7.371,6.552,0.35364168,0.34398,53.2742,2.744001,0.0504,0.368832,2.664,0.20204544,0.7315002,2.2456008,3.508,2.1748824,0.165,0.529,14.01,40.594,1.2,4.074,31.701924,0.966,0.5655,7.0506,0.394398912,0.92624112,19.2564,3.528,16.9564,0.558,1.4904,8.507,1.84926,2.92,1.4845,2.07,12.21,1.3882,13.92832896,11.347,6.447,5.9814707904,16.2305136,6.6249,1.9758024,0.85932072,1.4699993999999998,1.9284013,0.778385916,10.77124755,2.9690025,2.67298848,46.410729,-0.0211631616,-0.08288112,-0.0058205952,11.663524228,2.556571392,10.9094238,1.3372821,8.7418674,4.4830998,2.4915204,2.9968164,1.91172744,6.908487,3.38999625,6.5282,6.0606,2.79615,2.81995,5.0092,4.8097,4.65205,3.41,0.8995,7.435798999999999,0.806950575,9.486993
2020-12-31,1.6800000000000002,0.72,1.548,7.4469945,0.49728,43.620000000000005,0.2535,3.96,0.114,2.699980992,0.4665,16.664,47.135,9.31,7.453,4.891,6.426,0.04896,30.1455,0.632,1.728,0.657,1.251936,8.86005,84.73548,52.924,32.14938,14.029,0.54,0.255,20.464752,4.8600867888,6.5381717736,15.0356,36.2096,11.93,60.62637648,11.3212485,12.674,12.77078184,9.04073076,9.7420253952,13.9500301248,32.2782975,44.424576,7.988718312,3.00319416,16.1603964,0.3675,0.38115,2.0404989,7.468493004,12.276,13.844472264,183.699,9.88159392,2.77439616,1.439999999998387e-06,11.379,23.2469625,11.03202504,1.67625,10.39040064,55.6663919616,4.30033536,1.044,6.598296,8.59026,2.1216,17.2416,2.062393344,9.64798668,10.4989608,2.9487996,0.04243176,10.57125,9.10875,46.724,7.049212704,17.291249999999998,18.063,2.00359728,6.1505052,20.668,2.581,4.37376,1.7,6.53745,0.13,0.32,5.817227795999999,21.138,18.04725,31.6008,50.67801864,7.973215488,11.934,12.5788,19.3784,3.3120000000000003,1.74,0.43335,2.4120000000000004,1.45,43.0266,10.89,9.26,6.997499250000001,8.187,0.182400912,0.4872560904,40.5876,138.5608,4.4036,60.099431424,5.479875,15.2595,1.18680048,1.31580072,11.5308818688,0.8964599616,5.3256495,4.996992,0.37212588,0.322561764,98.79,2.254002,0.072,0.208824,2.5684,0.06048,0.3610398,0.13520016,2.759,2.21481648,0.255,0.48,7.96,57.869,1.71,3.92,40.6298277288,0.42,0.37125,6.3333,0.3468,1.5410304,17.53785,4.6464,15.5976,0.261,1.88865,9.851,1.9278,2.34,1.54,2.142,9.54,9.292,6.9804672,10.5112,7.336,4.0775906304,12.2838912,4.27095,1.510299,0.61390824,0.9978648,1.6036433,0.5679926279999999,8.09032455,2.5750035,1.89503064,21.8591535,-0.0212853312,-0.18166848,-0.01030176,9.4233148,1.6484496119999998,8.2204362,1.0323522,6.6233646,3.0503034,1.5179741999999998,2.3492754,1.31361048,2.93802525,1.31349825,5.483135,3.5658,1.46545,1.75525,3.544065,3.3887,3.6764,2.1941,0.6639999999999999,8.822000000000001,0.349758225,5.204007000000001
2021-01-31,0.864,1.536,1.233,9.6419865,0.49056,14.844,0.315,4.091001,0.126,2.815665408,0.498,22.963,45.667,21.23,8.017,4.916,7.1127,0.09792,46.116,0.544,1.408,0.675,1.968624,10.58805,80.89008,62.949,43.3143,21.783,0.3,0.285,27.400692,5.3728712064,6.9471831384,18.2032,44.64919999999999,19.4444,72.454291584,13.4606214,13.805,14.96752056,6.95517408,10.6071969024,5.7273495552,45.0528135,62.474496,4.651218936,4.8384,23.14658592,6.21225,0.01559952,2.403,9.8283969,0.175,16.789700844000002,132.94,3.76638336,0.3543588,0.0,26.412,34.9461135,14.5383876,0.45525,1.08239616,79.96979128320001,4.687582320000001,1.6056,6.62406,8.630939999999999,3.18797184,28.3528,2.077114368,7.323580440000001,12.952497,3.3347952,6.381578879999999,25.4205,19.635,78.92399999999999,8.529960096,26.54775,26.7,4.37479272,7.0974996,37.424,2.26,4.2024,1.652,18.5355,0.18,0.185,6.643035864,24.201,19.527,45.4158,64.31916,9.314843328,14.52195,12.3524,16.12,3.987,2.2425,0.2997,2.97,1.914,53.388000000000005,14.32,11.13,8.2425,10.14,0.73872,0.6341556384,41.688,189.5852,3.6156,61.1751936,7.389,15.84,0.6360084,2.187,11.7515053824,0.14793408,7.6060095,5.647488,0.47922084,0.218567916,55.524,2.97,0.0864,0.63732,3.1116,0.18432,0.654,0.1128204,5.621,1.946974752,0.05925,0.664,15.12,51.22,2.12,4.06,28.7133002712,0.55725,0.15675,7.029,0.6528,0.8064,19.71,3.136,17.584,0.711,1.6524,7.768,3.825,1.63,2.15,2.097,11.98,26.731601,14.9158464,12.5979,8.658650000000002,5.326974374400001,19.876584,5.721751800000001,2.1804039,0.97514232,1.6408812,2.268263,0.952956522,13.3635936,6.053694,3.3330031200000003,29.7046815,-0.0245052864,-0.04256616,-0.0049262976,16.045269816,3.028735836,12.438828,1.8618885,7.2225792,5.2982838,3.2673978000000004,4.2184476,2.57325696,5.59896375,4.35253425,8.9292,6.933885,3.57805,3.7408,5.4075,5.2997000000000005,5.9449,3.8081,1.6575000000000002,10.2267,1.459464075,7.178999999999999
2021-02-28,2.408,0.856,0.243,7.357995,0.07392,39.719,0.2235,4.1249985,0.228,2.737425888,0.324,19.407,35.054,12.954,7.633,4.771,6.4278,0.0408,39.75615,0.376,1.288,0.648,0.716688,11.2212,73.04934,49.71,40.49808,23.013,0.34,0.2475,39.980304,4.857365568,6.4404852624,30.1636,75.0992,25.0392,78.89833824,12.1522491,13.5015,13.25874888,7.474165920000001,10.6540267008,35.7019681536,42.448839,74.180736,0.0901769759999999,8.842392,23.69758536,6.578250000000001,1.044,1.98,7.101334044,-0.009,12.691934388,131.211,4.15119456,0.05119992,0.0,25.63875,33.746805,15.91319016,0.37875,0.03275856,73.5662850048,6.58789704,2.06719992,8.14278,10.968684,2.3712,38.106,2.706875904,7.685372879999999,10.9729962,3.49119648,0.02916,17.169,15.2415,79.012,8.742218976,19.06425,21.8625,25.6299948,7.128999,29.497,2.853,6.5280000000000005,2.158,15.138,0.31,0.41,6.595580203199999,29.3265,24.46575,37.9251,55.154459184,8.08285968,13.1004,16.0424,24.9736,5.355,1.9875,0.594,2.545,1.908,51.376000000000005,12.21,9.17,5.2275,9.315009,0.527439696,0.24408,37.7768,228.5656,3.2476,49.98816,4.54725,11.8895,1.1448,2.32139952,10.9981756416,1.802304,4.407,6.6528,0.558180504,0.241080084,102.179,1.9161,0.18,0.4746,4.5516,0.2304,0.384,0.00684,3.16,2.305919232,0.345,0.709,16.0,47.697,1.37,4.63,32.242968,0.46275,0.2025,9.1701,0.48858,1.067359104,15.0984,5.2792,18.0904,0.261,1.7496,7.72,2.805,1.33,1.23,2.187,10.55,22.582333,9.511622399999998,10.6253,7.252,5.3867564352,16.205280000000002,5.135175,1.7418069,0.7423610399999999,1.2783504,1.6685361,0.797849514,9.90257625,2.208027,1.35116928,12.0072195,-0.0119714112,-0.03024336,-0.004927104,11.985237708,2.072459736,8.846479800000001,1.2555,3.746709,4.0495068,2.1296862,2.696832,1.43306208,4.968117,2.59242675,7.246049999999999,5.5293,2.13885,2.4591000000000003,3.4195,3.5028,4.831775,2.59,1.1269,4.4799,1.084470555,5.657988
2021-03-31,2.1108,1.112,1.476,9.298989,0.34272,29.713,0.399,3.8280015,0.2099994,2.592463104,0.6304998,23.121,42.237,13.362,7.655,4.677,6.6411,0.04896,50.2092,0.544,3.472,0.945,3.193344,12.1068,73.49406,63.586,46.61502,21.132,0.41,0.5025,32.181948,5.166986472,6.6072879072,55.474,269.25960000000003,54.584,79.96900368,12.8385,15.049,15.47556264,17.45276544,11.3269062144,42.4669404096,57.139840500000005,60.719232000000005,-0.0037914479999999,4.19839344,25.9135812,2.505,7.14591864,2.5919991,15.782738328,13.155,22.380912792,343.473,3.58995312,-0.00324072,-0.0144,24.47925,46.5558675,19.21078656,5.42325,15.00234984,71.6584046976,7.801426080000001,2.7072000000000003,6.493884,9.231648,2.87119968,123.3832,4.011502848,18.17937108,16.2394956,4.57071192,0.0,8.385,6.54,109.24585,11.312052192,25.94325,22.989,90.144792,22.7099982,47.691,3.743,10.87728,1.962,14.57475,0.214,0.17,7.066111118399999,22.30875,17.23725,52.9236,49.6944,8.512934976,14.526,28.4888,49.9904,7.037999999999999,2.7150000000000003,0.3132,4.784,2.464,116.396,15.59,12.99,10.05,11.14,0.776719392,0.593928,78.176,692.5916,7.094,52.043799456,6.03,12.825,1.11879936,2.07719964,11.6762322432,1.717632,5.5790985,6.651456,0.29106,0.19278,196.363,3.2330505,0.216,0.42714,9.904,0.0764928,0.894,0.0,4.23415,2.8685664,0.345,0.82,12.52,44.304,1.516,4.71,30.59136,0.885,0.615,6.7536,0.94656,1.12896,16.1784,8.8,53.784,0.45,0.972,9.17,3.111,2.29,2.12,1.512,9.71,30.784,12.518016,9.44265,7.1953000000000005,4.6609903872,12.90793728,6.128550000000001,2.0691054,0.76532184,1.1223198,1.8241552,1.224989136,12.47457645,5.096001,1.50439248,18.8546475,-0.0231783552,-0.05314848,-0.01253952,15.21714476,3.240603,12.5924886,1.4604795,8.6920992,5.744862,2.768058,3.4103502,0.92777328,10.789239,4.691377500000001,8.279635,6.55445,3.97075,4.07855,5.750500000000001,5.624115,5.29099935,3.027,1.3755000000000002,5.116833000000001,1.175120925,5.063001
2021-04-30,2.928,0.544,0.8287497,5.835993,0.08064,68.06,0.3975,2.7049995,0.0449994,1.5278328,0.4779996,18.422,33.543,10.312,4.921,3.211,6.6852,0.08976,23.2848,0.456,3.554,0.594,1.4152310928,7.5006,62.86668,44.085,31.7577,19.111,0.42,0.2625,20.504076,3.8087425632,4.4819897832,58.7132,199.888,39.07599999999999,62.670814704,11.2596678,10.9315,14.09397048,6.618040199999999,8.1949684992,40.732680038400005,44.128689,44.893632,5.1942487680000005,1.20439944,11.55838464,0.024,0.59119776,1.9164996,8.278180343999999,9.556,16.32705228,227.638,0.5843491199999999,1.14395976,0.0144,21.1845,32.6678835,7.56959184,0.00225,4.36074624,60.9058118592,4.795585920000001,1.5228000000000002,3.731712,5.292468,1.62671424,105.6836,4.599998975999999,6.51778056,11.8319544,3.37879872,0.2823163199999999,12.195,10.2075,24.184,6.94148832,26.772,13.659,33.69878208,22.2674946,19.199,4.459,6.324678912,2.119,8.9445,0.19,0.481,5.3222970168,20.87025,16.25175,30.3354,37.16064,5.688383904,7.8867,22.706,67.51512,5.031,1.44,0.3132,4.454,2.9370000000000003,10.606,10.5532,8.21,5.88,6.843,0.5244,0.4131281808,94.0324,450.9224,8.1972,58.058060544,6.0473322,14.3365,0.91399896,1.07999892,9.9245524224,1.4911682688,3.8041005,4.265856,0.365820084,0.3213,191.389,2.4070515,0.0576,0.089496,11.3028,0.00768,0.54204,0.06328368,1.728,1.800255456,0.12675,0.21,16.66,34.505,1.44,2.96,25.449408,0.36825,0.4275,6.4404,0.84864,0.42224112,15.1092,10.5652,34.76568,0.108,1.2096,7.709,1.326,0.51,1.4368,1.557,10.49,32.4645,8.41282176,35.7833,6.4190000000000005,4.9996783872,1.38264,4.473243,1.7727075,0.68320224,1.4126598,1.6358252,1.348868808,11.13742455,3.137331,2.83666032,25.199769,-0.0102187008,-0.04244184,-0.0170198784,11.452421492,2.627302068,11.6530542,1.2211083,7.779938400000001,5.8729014,3.1071582,3.3616566,1.97646048,3.470265,2.979633,5.4173693,3.7058,4.4947,4.69595,4.775399999999999,4.7929,5.56790065,2.4517,1.326,10.7786,0.7983675,3.993993
2021-05-31,1.0452,1.04,1.1422494,8.8959975,0.43008,75.031,0.5625,3.104001,0.0959994,2.600142336,1.098,13.321,40.866,14.193,6.64,4.529,5.9265,0.11424,39.12165,0.4984,2.454,0.864,2.0795037984,8.92755,82.12326,44.32,48.96204,25.361,0.3,0.24,12.776232,3.2403127872,4.0688616024,22.2904,60.7252,14.7212,75.106654704,10.9304874,10.2124,15.51916872,6.61466628,7.564839475199999,26.8657857216,23.8698135,24.571008,0.487079568,0.2372500799999999,13.30440696,0.0,1.72635552,1.9939995,6.107224284,2.785,10.828423872,358.706,2.76516,4.347993600000001,0.0,7.836,14.4889845,7.829595360000001,0.00225,3.2507568,55.193824224,4.1940064800000005,2.196,4.28496,5.609772,1.3248,43.2884,1.5798351359999998,5.59012968,10.1844948,4.18000824,10.72879776,9.87,9.06675,18.348,7.360746048,32.38875,6.855915,8.98759944,9.474,14.486,3.227,5.037438912,1.742,11.41275,0.219,0.583,4.4788582368,17.5365,15.01425,30.177,50.781718368,4.981652928000001,9.6633,12.7788,20.8168,4.8870000000000005,1.935,0.28485,4.157,2.922,11.622,13.56,11.62,6.6525,7.81,0.5258592000000001,0.2612843856,14.3616,144.8396,2.6876,52.55856,4.38714,14.9845,0.7164,2.0388726,5.7415674624,1.5818882688,5.2780995,2.751168,0.255779748,0.15876,261.657,1.785,0.0288,0.113904,4.288,0.00768,0.7919994,2.07480024,2.315,1.955568096,0.24,0.19,7.51,39.4,1.44,3.229,21.511584,0.291,0.075,8.1117,0.764998368,0.44352,10.8756,3.16,15.1228,0.342,1.3824,8.07,5.1714,0.758,1.27,2.655,15.12,19.4609,8.3491968,23.2309,11.508,5.6448076608,0.16128,5.064552,2.0685087,0.88131432,1.3715646,1.80684,1.128726144,11.13163695,3.3091455,2.74159512,25.725633,-0.0275341248,-0.02016672,-0.030457728,19.275932908,2.137273488,9.8356914,1.6391844,6.8963832,4.852628999999999,2.2594248,2.7185886,1.98112392,5.65738425,3.6928725,7.55055,6.02,0.429219,1.32097,3.4244,5.8338,2.20545,2.7022,1.93735,6.086,0.858770925,3.608997
2021-06-30,0.6488,0.96,1.4493753,8.5199985,0.4368,132.431,0.4125,2.6479995,0.186,2.446538688,0.1139994,24.655,37.969,14.059,7.49,5.887,7.236,0.07344,35.0703,0.4412,1.12,0.585,2.6923663872,10.962,108.72078,61.459,49.96062,33.17,0.42,0.39,25.868412,4.50545916,5.3977380768,12.9288,27.8248,7.5476,90.037078512,12.3475761,21.635,13.98155256,8.51445756,10.1173078272,39.280256467200005,39.9909045,47.877312,3.049376544,0.79719984,22.0215852,8.4975,7.139196,1.9339992,9.735576732,1.203,18.767652372,328.24,0.76114656,6.9775092,0.0076003199999999,17.83575,27.3089055,12.25514736,3.93,0.37399896,64.6105916736,4.15439208,1.5688799999999998,7.07718096,6.9495000000000005,1.97355264,15.196000000000002,2.0819182080000003,8.36572428,13.5534942,3.2235552,5.8019738400000005,20.47125,17.768250000000002,74.356,7.954051392,22.667250000000003,0.0825,3.66479568,1.8915,21.869,3.497,5.8813183680000005,2.311,11.70075,0.366,0.293,5.7372256944,25.63575,20.28225,34.0983,61.640638368000005,4.762116576,13.6809,9.5248,11.7504,3.663,1.6725,0.3348,5.301,2.2430000000000003,46.908,11.22,8.959999999999999,5.1899992500000005,8.84,0.76608,0.5112157968,10.0144,50.7432,0.9344,57.445042992,4.42089,15.3455,0.75080736,1.32007212,9.3506552832,2.401056,4.602948,4.445952,0.293999328,0.204542604,198.237,5.385,0.21559968,0.405444,1.392,0.08064,0.519,0.83360448,6.039,1.620962496,0.3825,0.668,16.395,40.419,1.208,6.721,27.9417357288,0.1935,0.1425,4.5252,1.25664,0.72576,18.9756,2.5028,7.9396,0.27,1.674,6.93,6.426,5.476,1.5,2.673,16.96,30.2928,6.1186944,13.657,9.632,4.3663790016,8.982455999999999,3.72492,1.6576272,0.73982016,1.2882828,1.684405,0.806273244,9.29302815,2.461446,2.19682872,19.592148,-0.0161191296,-0.04396056,-0.0053738496,10.170009508,2.450745252,11.0838564,1.4650965,8.929371600000001,4.7608704,2.7876654000000003,3.4943364,1.68431616,6.55125825,4.2478515,1.43745,2.5942,3.23225,3.15714,4.2378,3.6666,4.83145,2.52617,1.0827,7.6455,0.499499445,4.4099955
2021-07-31,0.808,0.72,1.233,9.101994,0.12768,140.415,0.4875,4.3750005,0.09,2.451827232,0.3895002,21.366,25.184,12.397,7.097,4.891,8.586,0.13872,41.84055,0.2284,0.9236,0.675,3.229632,10.7838,110.11614,60.7,51.51408,29.104,0.34,0.315,25.7952558,4.1334774432,5.415805691999999,6.7504,19.6448,11.166,67.289712528,10.6601481,8.688,13.52997144,8.42040036,8.788872959999999,43.4714974848,35.8706595,58.0841856,5.118918768,7.043598,19.37717568,11.28525,1.93278888,2.021499,9.73658448,0.017,15.832663056,137.3139,1.70419896,7.5615372,0.007596,13.284225,25.355922,6.08403672,2.7,0.182736,76.33919865600001,5.7039912,1.38960288,5.482308,7.289855999999999,2.3016105600000003,16.8044,2.534396928,8.053180919999999,8.330493,4.63995864,0.0215964000000001,8.6145,7.128749999999999,45.502,6.05220336,24.15075,0.045,2.30879592,5.5324992,23.715,2.782,8.094718368,1.4514,10.96125,0.43,0.7431000000000001,5.803669152,25.51725,23.181,33.0084,43.998757536,6.588779904,14.002199999999998,10.0644,11.3116,3.033,1.3725,0.5211,3.382,2.069,33.25,11.095,7.065,4.852499999999999,8.45,0.725039088,0.423072,18.7332,87.2852,2.2872,67.550179728,5.100381,13.6595,0.6548004,1.88279964,8.8374698496,2.6571065472,5.51415,5.4749184,0.262332,0.36288,204.9331,2.399001,0.0036,0.31188,2.3668,0.0768,0.456,-0.00039672,2.076,2.353059936,0.1125,0.37,10.97,37.1336,2.061,4.3189,30.3052445424,0.47175,0.3,6.057,1.122980832,0.441280224,14.5881,3.88,13.2788,0.27,2.0466,11.41,5.202,3.58,1.62,2.601,15.67,17.0284,7.456287551999999,12.768,9.212000000000002,5.0115312576,7.633976448,3.8131641,1.7349129,0.8259609600000001,1.2222072,1.91158,0.767905488,8.2069554,2.941233,2.5597404,20.5567125,-0.0413477568,-0.09713256,-0.0044771328,12.773443452,2.473885044,9.1469844,1.4695173,7.1741772,5.6001168,2.5851456,3.1091868,1.80484416,6.46487475,3.04400925,5.2731007,3.82851,2.0195,2.20675,3.5,3.4886600000000003,5.07454935,2.4081,1.0028,7.963334,0.59606778,4.425996
2021-08-31,1.176,1.008,0.945,9.3309915,0.3024,120.238,0.50625,3.356997,0.138,2.722545216,0.246,29.913,41.931,21.014,7.292,5.426,7.1829,0.25296,44.28675,0.52,1.576,1.017,2.6036621856,12.3471,88.70838,81.94,61.53966,27.607,0.54,0.3025005,33.681684000000004,6.3204879408,5.9455552968,13.0292,26.8612,16.558799999999998,70.27763688,11.7228249,12.3455,13.3215696,12.04568496,13.4414106624,54.5575298688,53.594787,65.657088,0.697673736,6.06199752,20.25638064,8.577,0.04075848,2.3079969,8.610392447999999,0.015,14.730650928,140.372,0.77440104,11.51470512,0.0,19.21875,39.7919295,8.33439096,0.06825,0.08513496,96.49584,5.03158536,3.72470328,8.005824,8.384148,2.58759264,25.5556,1.804480512,11.92317516,8.731992,4.82035824,-0.02124,18.57375,17.108999999999998,35.641,6.324762528,32.20725,0.0,3.4067959199999995,5.4374988,32.061,5.9110000000000005,5.859558912,2.46,19.56375,0.611,0.594,5.8606227792,30.78525,21.42225,41.5044,66.180658368,7.966348992,13.1544,10.8056,13.8212,2.979,1.6275,0.3861,4.363,3.112,20.634,13.595,11.315,5.8699995000000005,9.32,0.65664,0.3475878192,33.32,70.7648,0.92,68.044540272,7.8495453,14.189,0.76960008,1.18260108,9.1275657984,2.3688008064,6.1911,4.416384,0.28728,0.375900588,257.722,2.324001,0.0576,0.743088,1.996,0.21247488,0.762,0.00684,8.854,1.918253664,0.225,0.64,25.897,51.088,1.07,4.616,27.271872,0.516,0.47625,9.351,1.09344,0.96768,17.28,4.032,13.9492,0.36,1.4472,9.876,13.311,9.828,2.86,3.663,17.27,33.506,7.10524416,12.0743,9.61205,3.3410216448,7.186482239999999,3.4226991,1.7366778,0.85010016,1.3371678,1.507873,0.637414974,11.3190546,3.2882145,2.63227464,31.017069000000003,-0.0241895808,-0.0825384,-0.0291142656,13.025533308,2.296851084,9.5352408,1.3923495,8.0831574,4.965584400000001,2.366631,3.431763,1.97301672,7.037159249999999,2.9292315,6.25212,2.8966000000000003,1.7521,1.8088,4.4470293000000005,3.766,4.476875,2.5684,1.1558,5.737998,0.684869445,5.211996
2021-09-30,1.44,1.008,0.684,8.2789905,0.34944,104.02,0.36375,3.733995,0.0894996,2.647672704,0.354,24.166,41.266,19.025,7.496,5.118,6.579,0.50592,36.2448,0.408,1.496,1.107,1.9958390928,12.4281,65.5656,110.55,51.48552,22.586,0.31,0.1425,27.494256,4.3368801552,5.2874537832,11.2072,29.49144,11.7688,80.610570624,12.0828699,13.701999999999998,18.03036456,10.46149776,9.5861945088,40.9782409344,44.2209135,57.71136,0.00729,3.12119856,3.30877368,0.7364999999999999,-0.0049968,2.02995,12.95315658,0.0309999999999999,21.0352275,74.19200000000001,2.86525872,7.41434184,0.0504,19.644,34.984122,22.55478768,5.655749999999999,2.13948792,63.2812932864,3.52462896,1.9595916,8.679756,9.879816,2.30559936,16.5176,5.602875648,9.36957996,11.824992000000002,4.02273648,0.0315468,16.86525,17.2485,50.905,7.945390656000001,27.9675,0.0,2.57199552,5.2259778,31.784,3.347,5.2174354560000005,1.9635,26.18325,0.642,0.471,6.2362293552,24.66975,18.55125,46.1421,60.78384,7.608002976,15.0093,11.49336,14.8868,4.95,2.2350000000000003,0.5076,3.056,1.849,15.214,13.05,10.75,5.84497425,10.18,0.257183088,0.4280479776,16.5444,130.5092,2.7192,66.463199184,6.831,14.959,1.00679976,1.3908672,9.4131523584,1.6882399296,4.5549495,5.08032,0.367963344,0.659400588,306.915,2.3419995,0.0792,0.226452,2.0044,0.06816,0.635004,-0.008748,6.261,2.297306016,0.1275,0.762,12.744,43.3905,1.8,4.979,29.2597685424,0.25125,0.147,10.5624,1.73706,0.76608,18.5679,4.04584,11.3036,0.351,2.1708,11.53,5.0898,2.672,0.92,3.465,27.7,26.5541,6.252288,10.318,7.777,3.587334912,1.3469232,3.43692,1.4421024,0.8942745599999999,1.4581224,1.728195,0.651889728,8.97397725,2.944755,2.28595464,22.349379,-0.0402349248,-0.3299268,-0.054194112,13.54703312,2.257402104,8.6926302,1.6521777,8.4319434,4.2530472,1.9361988,2.6354646,1.80926928,5.467412250000001,2.23414725,4.524240000000001,2.7755,1.7283000000000002,1.94565,3.4167,3.5714,4.62345,2.421167,1.2085,11.088,0.5555544450000001,3.6219915
2021-10-31,1.128,1.12,1.539,7.212981,0.09408,51.282,0.405,3.7639965,0.1459992,2.835349056,0.654,19.691,32.746,17.106,7.89,5.354,9.0972,0.56712,36.63225,0.56,1.488,0.9,2.81232,12.2796,58.00332,59.26,43.85184,26.212,0.32,0.45,30.952056,4.1386730928,5.169895092,13.1684,32.19,16.880000000000003,75.787654032,12.0749994,13.5445,21.82596696,11.049399,8.836808064,40.1591820672,50.8228785,38.281152,0.003506976,0.81399888,0.0146239199999999,0.414,0.0643967999999999,1.8859167,9.291986928,0.017,14.282001216,55.406,3.7183572,10.62001872,1.116,18.36,32.0638515,15.27679368,9.86175,0.3303756,44.1245605248,6.02678736,2.7179496,5.263992,8.369232,2.33357664,22.9904,2.614718208,10.09677204,9.6294954,3.95150472,6.697102320000001,17.0325,15.58125,26.455,7.98788304,27.657,-0.043125,3.15799848,4.8119958,30.637,2.479,2.407470912,1.286,20.72325,0.66,0.29,6.634875456,31.185,24.94275,41.2047,49.73316,7.755860448,13.83615,11.1192,12.7876,4.266,2.055,0.5508,2.98,2.2,21.7504,14.42,11.510000000000002,4.853661,11.57,0.53808,0.6509255616,45.9224,149.358,2.992,55.25885496,8.4228741,18.0395,0.90679968,1.63925964,12.4293340416,3.47363856,9.399,4.776576,0.237368124,0.341502588,115.138,7.5361005,0.18,0.349848,3.0216,-0.009920256,0.3205002,0.5736888,8.075,2.721852288,0.4575,0.427,23.55,38.547,2.23,5.64,34.70549112,0.58575,0.56025,5.3343,1.72788,1.177120224,23.22135,4.9344,15.4448,0.27,2.1708,11.62,4.6818,11.4856,1.19,1.917,38.2,32.2094,6.0944352,5.138,6.5366,3.9580857792,1.2129936,3.84138,1.1539872,0.910332,1.74519,1.975025,0.52590006,6.3387786,2.8502925,2.9763,24.830406,-0.063921312,-0.22039416,-0.0734493312,12.924911472,1.977763572,8.9696754,2.2851738,6.0733692,4.5521424,2.0656314,3.4372764,2.39175504,4.80303375,2.213142,3.8689,2.24616,1.8004,1.8921,2.9932,2.90745,4.21915,2.01,1.1015,9.958,0.37148037,3.7829925
2021-11-30,0.3452,1.112,1.467,13.7489895,0.52416,15.18,0.507,2.672997,0.072,2.381755104,0.402,13.116,40.552,3.522,8.596,5.448,7.0956,0.1224,38.10645,0.704,3.328,0.873,2.322432,12.2688,47.5116,50.02,58.0074,25.811,0.53,0.165,26.079948,4.0550344704,5.1654105288,16.9864,40.1268,18.2844,38.79669552,10.6361208,18.1325,18.85340808,11.62437048,9.1125285888,15.252910848,32.995689,31.270848,0.0,0.01519992,-0.0028007999999999,0.15,0.0076003199999999,2.448,6.79389606,0.2,11.706185232,25.582,3.82239288,6.80037768,2.9555978400000003,13.87275,16.666953,9.56878848,1.94475,8.20435464,28.8847859328,5.27157864,3.05435448,4.99686,6.594227999999999,2.01759648,26.0724,4.370173439999999,11.01777984,10.8434988,3.06279504,0.8079559199999999,12.16875,10.52025,17.973,7.04342304,23.1405,0.0435,3.96639936,4.9350006,25.175,1.123,4.881037008,2.079,19.734,0.55,0.76,6.4789587792,18.55575,14.11725,36.5895,39.347518368,7.799522976,14.15205,11.824000000000002,15.4108,4.131,1.4325,0.648,3.5540000000000003,2.454,11.502,14.14,13.61,3.765,11.69,0.7478400000000001,0.5930240904,31.736,151.8404,3.4356,71.029065984,7.2963729,13.6575,1.14216048,1.4460066,8.7674963712,0.8521704576,5.3020995,2.698752,0.335580084,0.387664704,28.557,1.9909995,0.108,0.451548,1.5912,0.056064768,0.8205,0.0540432,8.059,2.669357376,0.32175,0.997,8.541,44.515,2.0,6.91,29.623176,0.80925,0.49575,9.315,2.09916,1.385439552,22.6908,5.0,19.7032,0.477,2.5704,12.475,0.9486,7.666,4.08,2.52,28.51,34.898,6.9154176000000005,7.999949999999999,3.9403,4.7100481344,0.2688,3.4749,2.0065239,0.91497192,1.8374016,2.0521434,0.62283438,6.44780955,3.15075,3.65756688,22.520101500000003,-0.039305952,-0.19877256,-0.0788304384,12.718018224,1.05924276,7.0209828,2.0278008,4.804887600000001,4.821354,0.2176991999999999,2.4783084,2.92996584,5.2654365,2.32859925,5.630450000000001,3.3663,1.5690499999999998,1.9229,3.143,3.1213,4.3264000000000005,2.059,1.0435,6.0795,0.584600925,5.1129945
2021-12-31,1.248,1.856,1.89,6.9009915,0.0,58.543,0.555,0.4749975,0.0514998,2.952466848,0.492,3.913,23.292,0.093,8.285,5.578,8.8155,1.51776,34.78815,0.536,1.872,0.738,3.5219527056,9.4932,50.184,75.36,61.251,25.739,0.63,0.0675,18.756192,4.5305663136,4.9647100536,18.3112,41.832,14.7644,28.7636532,9.3704976,18.4855,11.28317544,8.81457552,9.7564449024,19.1069190144,39.7118745,9.619008,0.003996216,0.01039968,0.0108,0.3082499999999999,0.0335952,1.7959995,5.94256446,0.0,13.329454068,84.237,0.42759792,8.52238728,3.905998560000001,13.398,2.3237205,10.24079184,0.6375,0.80039808,49.6625387328,3.39715224,2.55599928,9.60048,10.511712,2.30399904,19.5092,1.088957952,7.98957648,10.3419972,4.24399536,0.45555552,9.7785,8.835,16.96,6.871550976,18.96375,0.0,3.60399744,5.5289994,27.596,0.2289999999999999,6.22471728,1.5905,18.14475,1.2120000000000002,0.632,6.4030246776,20.2485,13.6035,37.521,36.727134288,7.618093055999999,14.14395,15.916,25.7852,2.799,2.0175,0.5724,3.4080000000000004,2.308,12.77,9.65,8.49,0.27,8.61,0.6384000000000001,0.36522504,36.2496,148.0128,1.6316,103.403859456,7.119,13.91734,0.8928,2.38619952,8.914303104,1.016064,11.8750005,1.46496,0.26082,0.376789644,201.409,-0.014001,0.0500004,0.2712,1.888,0.0384,0.684,0.00643968,5.469,1.964265984,0.1125,0.599,2.173,21.4055,1.45,4.15,31.2096951864,0.375,0.2505,8.7408,1.73808,1.208479104,22.7988,5.1672,16.728,0.09,2.0196,11.01,2.3256,6.76,0.99,4.491,20.43,18.9587,4.9241472,8.652,3.843,2.551584672,-0.0030239999999999,3.1806,1.1897559,0.58082256,1.2949758,1.3101999999999998,0.42244335,8.6700663,1.714695,1.82334096,20.385072,-0.0459611712,-0.32085312,-0.0931706496,11.741404296,1.63865124,7.7471982,1.5861645,4.9004028,3.980142,2.3538726,2.6094528,1.5092928,3.68002875,2.12560275,3.00727,2.0041,1.02165,1.12805,2.247,2.14396,2.72675,1.033,0.8405,4.831,0.357790185,2.4699945
2022-01-31,1.168,1.392,1.404,9.559992,0.52416,45.587,0.5475,3.4919925,0.0409992,2.605904352,0.318,29.919,59.353,26.101,8.473,5.828,8.6859,0.2856,42.5331,0.472,2.156,0.495,2.957472,11.1132,86.83918,83.535,58.9858,35.91,0.36,0.3225,26.602008,4.615080912,5.3828117712,6.5324,67.5232,35.942,76.60501511999999,10.2719961,6.241,12.24716616,8.76477564,9.2989650432,57.252890016,66.9077475,50.129856,17.119825632,19.78678584,15.75517536,40.32375,25.85028312,1.9609983,9.258866568,26.001,17.113691447999997,159.08666,4.7203840800000005,6.913903680000001,4.97758968,22.17225,27.4579605,9.59759208,29.6145,13.97156832,77.8300705728,3.50090496,1.69919856,12.833184,10.004568,2.85280032,55.8816,1.80575616,6.820170839999999,12.3274974,2.99599056,49.19903136,21.564,20.90625,31.164,10.948658976,27.841500000000003,13.8375,27.05399784,6.577998,26.316,5.665,1.878157824,2.776,13.9725,1.42,1.093,1.157964336,41.02725,32.661,28.5462,61.1772132,9.761748192,14.985,11.7608,15.61,1.143,1.2525000000000002,0.7668,3.653,2.693,8.542,9.56,6.8,5.9475,6.5600000000000005,0.6384,0.7119178992,33.2116,163.5552,4.042,84.605625024,8.982,17.709,1.02839976,2.91840084,8.213232384,2.2478408064,6.694098,6.100416,0.165917052,0.45654084,220.861,2.984001,0.126,0.2373,2.5828,0.038080512,0.9599994,9.13686408,9.677,3.640907232,0.09,0.888,33.097,73.29,2.99,6.51,25.49285424,0.3825,0.32925,10.1268,3.06,1.49184,23.9247,5.088,17.4428,0.099,1.458,9.713,3.052,18.988,3.36,4.041,23.93,24.2295,13.1056128,11.529,0.0623,5.5932641856,18.712008,5.77107,0.2021976,1.0489812,0.046251,1.99125,0.823914126,13.1368503,6.0349965,0.26018496,40.999077,11.3263581312,40.58434128,2.981478528,18.567272504,3.39409278,13.0678848,2.5351461,8.8326018,6.9574842,4.2826824,4.5555372,2.6070588,9.5913825,3.34350075,8.2397,5.3067,2.8532,3.04395,4.7971,4.72045,6.4779,4.096,1.9975,10.186,0.63417963,4.768989
2022-02-28,1.688,1.08,0.963,5.336994,0.092736,23.949,0.48,3.6469965,0.1060008,2.705271264,0.828,33.556,60.605,27.01,8.135,5.65,5.715,1.11792,38.6532,0.7456,1.9304,1.872,3.665088,7.9326,65.91802,53.37,51.37520000000001,29.44,0.42,0.225,33.098604,4.3741376112,4.9145508,17.2772,48.7896,18.4956032,50.781693888,5.697373499999999,16.612499999999997,17.88956064,10.50478416,9.0904697856,43.6690493568,31.386942,46.97525952,9.544193711999998,14.11837704,12.50837856,24.921,18.97755408,2.0909979,13.501715472,43.037000000000006,18.257355396,91.591,14.68957608,4.301594639999999,2.333988,17.384999999999998,33.8139585,12.85158456,26.6475,21.1711716,70.3326589056,5.33302344,2.4444,10.629684,10.862916,2.098392,35.0352,3.0182369280000003,7.60918212,12.1679928,4.56639552,55.6566696,16.03875,12.6075,27.681,9.176123232,4.4895,18.48,12.38919696,9.2919978,31.323,5.335000000000001,5.169359999999999,2.311,19.1595,0.54,0.239,7.0593248808,18.9915,14.898,38.3553,47.57823864,7.665122304,13.7241,20.766,29.1996,3.4650000000000003,2.0700000000000003,0.9882,3.475,2.319,25.0,11.14,8.48,5.3925,9.45,0.5933061599999999,0.3968569944,50.7184,217.834,3.344,58.94444544,4.5622503,17.289,0.87599952,2.8728,9.481928064,2.3755358592,5.13,4.83862848,0.506099664,0.474180588,68.0,3.42,0.0860004,0.414936,3.9176,0.08448,1.6370004,7.65800784,8.508,2.268006912,0.3225,0.77,33.879999999999995,84.057,1.34,5.639,31.143257424,0.65925,0.47625,8.6913,1.833619728,0.94752,18.12105,6.1884,17.5288,0.324,1.8144,11.78,1.53,16.26,2.17,3.924,17.84,23.11055,8.4034944,9.625,0.007,3.4312384512,12.44676384,4.6903500000000005,1.3930542,0.65475336,1.13031,1.7099167,0.5855072579999999,10.55104785,3.321999,2.3417496,40.026237,8.1178058304,33.48978192,2.0702207232,14.1001504,2.485613988,10.3761216,1.469061,7.636922999999999,4.388121,1.7370882,2.3628492,1.43923824,5.56500675,2.55001875,3.7142,3.0009,1.4728,1.66075,2.8196,2.9323,4.2523,0.209,1.0945,11.1844,0.444370185,4.981986
2022-03-31,3.1836,1.32,2.547,9.117996,0.48384,27.863,0.4125,3.918,0.1324998,2.893430592,0.798,33.293,63.842,30.075,8.115,6.373,10.1808,0.351219456,46.2024,0.88,5.328,1.251,2.685312,11.6316,85.8758,81.66,5.635,17.72,0.37,0.315,15.649596,0.879797208,4.9552259184,83.0332,359.3764,74.5604,51.7136532,5.332129200000001,18.20376,16.16077008,13.41056628,8.2544415744,44.789994144,50.592855,33.179328,6.844997016000001,12.59118432,8.40517848,34.65,17.92556496,1.3545,6.451185384,26.916,17.99232372,98.737,6.00838416,11.688786,10.55399328,10.93275,33.230859,13.43398968,21.57975,26.07917256,72.96484890239999,6.66988344,1.0555992,3.727644,5.411796,1.70959968,155.9108,4.077439488,13.03797816,17.1719778,0.56560464,45.17908056,16.896,15.3975,58.341,10.351158048,29.3925,15.8175,22.98479112,37.012497,19.27,6.29,1.616015376,3.007,22.37775,1.59,0.773,7.52850522,13.65075,16.1895,27.8847,47.832898368,6.006407904,13.81725,46.514,78.07679999999999,6.678,2.415,0.8208,4.03,1.963,66.134,13.08,12.94,7.26749925,9.6,0.6845061600000001,0.639127548,116.5276,864.2524,6.936,46.821400272,5.688,15.838,0.9,3.6396,7.6590560256,1.8385992576,8.8329975,5.029248,0.224700588,0.321720336,106.589,1.901001,0.1008,0.276624,11.588,0.10752,0.9335202,5.76840024,17.06,2.404800576,0.0675,0.5,39.363,76.0,2.81,7.929,26.816256,0.18,0.41175,5.6394,2.652,0.899359776,17.5851,10.078,42.5108,0.189,2.5164,10.122,4.4147,14.338,2.94,3.699,27.83,38.38045,6.564768,7.3913,3.801,4.8676336128,8.6588544,4.6665,1.8192024,0.70984152,1.6241094,1.74045,0.716627898,10.3515594,3.063711,2.50222752,21.444408000000003,5.4065237184,31.60397352,1.9262694528,9.52972332,2.711144052,9.5453172,1.7927505,6.920523,4.2735204,1.834443,2.787561,1.65836664,1.50999975,0.60427425,2.20745,1.0927,1.792,1.8332069,2.5613,2.7136669,3.4541,1.883944,1.0545,6.73535,0.51504,3.0629880000000003
2022-04-30,2.83,1.1,1.13,29.2,0.05,15.09,0.33,2.7,0.1,2.06,1.3,28.78,43.31,17.27,5.61,4.42,6.36,0.11,31.03,0.92,3.89,1.22,1.57,6.69,64.56,59.21,38.68,20.69,0.18,0.11,12.52,2.06,3.3,31.15,126.23,24.270000000000003,46.21,6.029999999999999,14.86,11.56,5.15,6.09,22.61,32.59,23.82,14.5,11.79,8.06,19.47,12.58,1.4,7.57,17.43,8.44,88.57,7.91,8.42,4.88,13.47,20.41,6.220000000000001,14.579999999999998,4.49,46.11,8.43,3.39,3.52,4.69,1.74,75.81,2.6500000000000004,4.84,11.47,6.26,30.9,12.23,11.37,36.91,8.329999999999998,20.29,9.29,14.81,13.49,3.96,5.83,4.11,2.33,9.25,0.97,0.57,5.37,24.17,21.67,25.17,23.22,1.41,9.08,7.11,34.21,3.45,1.59,0.43,3.61,2.18,14.23,9.48,8.34,4.94,8.68,0.63,0.35,85.91,268.28000000000003,7.04,58.77,5.79,18.43,1.24,4.34,8.49,1.58,6.77,3.1,0.34,0.31,121.01,0.63,0.14,0.16,8.28,0.05,0.92,8.05,8.51,2.49,0.14,0.06,21.62,75.38,1.67,3.89,30.83,0.41,0.27,5.45,1.11,0.22,23.28,5.45,22.24,0.31,0.99,8.21,12.11,5.17,1.74,1.64,10.65,24.14,3.4,4.23,0.4,3.0700000000000003,7.91,3.62,1.73,0.47,1.1,1.31,1.2000000000000002,10.71,2.45,2.1,16.189999999999998,3.8,34.309999999999995,1.53,14.86,3.38,10.66,1.13,6.8,0.42,2.02,2.5500000000000003,1.12,2.25,1.45,9.24,0.1,4.09,4.5,2.98,2.8,3.92,2.47,1.34,2.9400000000000004,0.56,2.17
2022-05-31,2.808,0.864,1.035,8.084994,0.17472,29.131,0.22125,3.978999,0.198,2.874217824,0.222,33.716,60.969,24.249,7.878,5.802,9.8298,0.22848,37.692,0.304,0.88,0.783,2.150064,6.7392,90.3174,65.199,68.89692,27.89,0.39,0.3375,13.854252,3.2798532048,3.7669256928,5.5696,27.536,14.1852,36.03624912,5.875497899999999,16.4655,11.07675504,8.11665792,6.6365327616,24.1858262016,31.761858,30.42816,9.816951816,15.77478168,11.1199824,14.570999999999998,19.70153712,1.6374987,7.430603796,26.037,9.688504392,108.56,6.93317016,7.58397672,2.9647872,1.73775,16.6729425,8.14719168,12.378,11.65797288,42.0935635008,3.25357056,3.19359888,5.852496,7.197647999999999,1.75720032,27.4788,0.162878976,4.96438524,11.197977,5.2195644,25.1919072,11.296500000000002,8.16,15.926,8.729697024,19.65075,8.6265,5.2411968,0.9430026,17.996000000000002,8.049,6.691198367999999,2.118,10.19475,1.072,0.694,5.350766508,18.018,14.40075,20.4201,26.376517824,5.458739328,12.8115,10.1856,13.3266,0.3915,1.6575,0.4427999999999999,3.99,2.566,4.226,7.075,5.88,3.38249925,4.47,0.738719088,0.3882686328,10.9276,92.4452,1.5664,51.47260272,6.255,14.888,0.9936,2.6017092,5.9637817344,1.258667424,7.0030005,3.54144,0.15876,0.33978042,217.444,1.40901,0.2052,0.188484,3.0372,0.05376,1.158,8.25119928,4.297,1.900323936,0.21,0.755,27.635,61.694,1.938,6.348,22.195008,0.6885,0.516,5.3685,0.90474,0.86688,15.6735,2.1996,8.5622,0.144,1.5876,13.23,1.2118,-0.184,2.357,3.213,7.86,32.058,7.182672,10.486,5.313000000000001,5.1332121792,8.244768,3.37752,1.9441845,0.92654784,1.2073518,1.805863,0.760423356,0.1455006,3.8479935,2.6292708,20.6719515,5.1763041792,25.29727536,2.6823750912,17.375488,2.914365096,10.4287464,1.8318465,7.90686,5.478039,2.7697698,3.5461530000000003,1.720746,3.81872475,2.94260625,7.3647,0.9513,3.10345,3.1465,3.6001000000000003,4.5108,5.3404,3.2185,1.4725,-0.092333,0.54188313,2.6549925
2022-06-30,1.144,1.072,1.611,5.9829945,0.493248,58.89,0.255,4.005,0.0684996,3.52845936,0.3859998,42.902,32.812,24.507,8.475,6.102,5.4783,0.245479728,39.204,0.328,1.516,1.476,3.438288,9.9765,102.617,77.6,84.61466,29.0,0.47,0.3,17.2212,5.7491405952,3.9902108904,15.250800000000002,32.345600000000005,8.9304,54.88618776,7.9226235,10.6215,10.58196888,7.503551639999999,9.9802139136,34.0022587968,31.570563,30.289728000000004,15.66375084,11.57438376,9.5303808,23.931,13.00836312,1.3979988,6.981210936,20.753,10.551536604,145.672,3.5567208,5.45575752,2.26479312,15.28125,19.435959,8.91318456,15.39375,12.15950976,53.5205313216,10.10437128,1.73199888,8.681112,8.789591999999999,2.00239968,16.276,3.726716928,9.0731718,5.9904972,2.31195816,44.5022208,1.48875,14.19975,1.1,7.352582112,21.34275,14.382,2.47239864,4.9869984,17.697,6.275,8.74071864,2.722,16.11,1.232,0.84,7.3386663048,24.69375,16.02225,18.3249,30.247758912,6.214721184,12.825,11.1944,15.0832,4.626,1.314,0.9423,3.199,2.102,0.738,9.68,7.78,5.0924985,7.699999999999999,0.674879088,0.504432,28.384,83.2712,1.7676,50.061260544,8.5203747,13.2405,0.67000032,3.1343976,9.2104314624,1.933479072,5.6253,3.2256,0.350279748,0.2571156,224.436,1.95,0.1008,0.2034,0.9032,0.10752,0.768,6.49285992,0.487,2.80800432,0.2325,0.671,17.433,70.03,1.9,6.498,23.633725356,0.59925,0.40125,5.3694,1.37904,0.74592,10.5435,2.9236,10.6128,0.162,1.242,9.175,0.104,-0.184,2.79,4.9869,30.061,19.365,7.799232,9.7153,3.55565,5.410277107200001,7.800744,4.1204502,1.9200042,0.89488776,1.8914694,1.6906934,0.799338456,8.6867172,4.615791,2.46605256,14.406363,6.9214727232,35.10861984,2.2566636288,0.95113,0.25356312,10.0416654,0.4516767,6.7468968,4.3642242,2.8314378,3.6879948,1.82964816,6.82875375,1.7851365,5.50025,4.298623,1.95895,1.932,3.7387,0.2891,4.47785,3.8905,1.1015,-0.1405,0.63159,2.741997
2022-07-31,0.506,1.84,2.106,6.291,-0.001344,41.953,0.1695,3.8010495,0.345,3.33456048,0.366,49.809,61.673,24.279,8.169,5.273,6.876,0.18768,40.54995,0.368,1.928,1.332,2.122848,10.4112,83.9154,78.6,71.33,23.362,0.73,0.54,13.6910592,2.9532828432,3.3416512776,6.78,22.378516,9.117472,41.096389968,7.249167,6.86136,3.73239216,4.7030976,6.4529837568,33.258326976,32.7963075,27.4520064,6.331022208,11.61940104,8.97057432,16.43445,15.57504504,1.0167111,6.19832682,28.90132,10.278479988,82.57845,11.48737248,6.09944112,1.21159584,5.860125,20.114769,6.093347039999999,12.3960675,15.87724272,53.213244537600005,5.80357872,0.83893896,4.0685424,4.30121166,1.08525024,6.1696,2.462087424,3.83805648,7.1797764,1.7256477600000002,41.60368872,6.311850000000001,6.85845,-0.113,4.740767136,26.243250000000003,6.108541275,0.91902816,2.8981638000000003,11.373,5.727,8.883798528,2.30045,11.5960875,0.51,0.18,6.394896,15.39424425,9.900675,13.89348,39.380977632,5.40618624,12.988242,8.27224,8.900103999999999,0.1881,0.7846897500000001,0.50625,2.614,1.89,1.9617,8.7188,7.699149999999999,4.376613,7.416919999999999,0.3297673439999999,0.2405359584,19.62952,109.2724,1.0464,52.41168,9.404631,18.989,0.6624,8.61180012,7.5783767808,2.3359383936,8.0091,3.723552,0.486864,0.326759832,111.982,2.0650005,0.1656,0.093564,2.5744,0.051200256,2.418,6.0948,-0.009,6.120786816,0.23175,0.485,30.548,80.868,2.95,11.71,23.903568,0.6135,0.40425,6.0939,0.815659728,1.06848,29.75076,4.082,7.4688,0.351,3.1536,10.245,-3.48024,5.982,2.9,5.0501277109831655,101.02292174420852,16.344938447525674,4.626198055099303,0.2495021756787408,1.0122659698966054,2.340472980538405,5.652721292177551,1.9705579997484224,1.3106502044838344,0.3861682653770547,1.112066840168102,22.989843330398266,0.0076989242780868,6.383691380580355,2.2913465113353744,2.229021886227053,8.416879518305276,3.350571845823401,25.577537323866345,1.3385863011500352,13.43568197653792,1.6369379476979915,8.285508984988715,0.9806963068515404,5.609216259748997,4.252739125038456,2.383000371788789,2.969585078690645,1.4591294584183665,3.6661544181365993,1.5275643408902495,3.1508560471429554,2.3239345506077,1.0978095729864594,1.1049382065772806,1.8463161000226824,2.010274672611569,2.7669282094658727,2.423735420879196,0.6110257363560996,-0.0203675245452033,0.514330913577747,0.7485065270362223
2022-08-31,0.792145889885297,1.0192304296002277,2.806960603119028,7.0316717530424,0.2397229970419735,57.15538480069198,0.2216826184380495,3.997422254507308,0.0738946138381883,2.7269681700820003,0.2996537463024669,42.77913959118076,66.32845866709403,24.156780411955,8.430054883223484,5.852421126764508,5.3726693635516805,0.1250997884677782,42.44151951137568,0.5136921365185149,1.9406147379588337,1.1649803810330603,2.256135863589317,9.679886197520764,108.34348120520347,88.81472040493425,47.76623408321467,35.89423803923122,0.5707690405761275,0.4280767804320956,20.69816301059808,3.32548438599676,4.037123931940892,14.352240294433267,40.50707111751593,9.287987612725583,64.75953362066443,10.843566111871784,4.454036977352995,8.740494452085716,9.660671176231332,6.94888585727468,31.23159136363783,37.458428454546194,45.0364841152904,4.427015417434111,20.00454731680338,20.62172361483864,23.43018632714944,20.94995850669415,0.9393071696939967,8.545633926094558,18.07870829307479,12.72424719984032,209.1430264626779,11.10825679109396,6.505833488263557,2.7176067913552684,9.04987260457087,23.24637978935945,7.008451523087596,15.368395196212177,16.130784714859118,45.30120227581881,3.716901644521557,2.775405962864513,5.530876097749017,5.268817677326633,1.1106816545112346,14.27299309007099,2.039159350044626,9.398536280503665,2.803395946614544,3.689849148920673,46.66081133156644,12.560965619691729,10.586950318343485,23.72442286371858,6.464812455932689,18.15693779585312,14.759707776925154,1.755870171827577,6.306391660106683,22.245655068015783,6.975613060183958,10.098324792549136,2.8263259812814314,10.642906068928538,0.4178844761360933,0.4525383107425011,6.292564833914091,16.067426232510055,8.887614687485017,22.17915334017566,51.3550292421165,6.234683104740051,14.729674368663732,11.27745854978905,12.12535226725176,3.4137274253537284,1.6791768072873805,0.4754220723478854,2.7855567640974224,1.96609549869884,0.1690456859778613,7.996184695106497,6.6443529782595885,4.197306973958908,5.888219557143356,0.3741948783867592,0.3178773099684265,30.868412790872497,194.47568904247288,2.4053838138565373,62.14402852297888,5.788209609699694,14.867514276578522,0.6494536297412651,3.5697493950944628,7.309662666532642,1.071219472337846,7.738047363815979,5.869103890436204,0.465319545945044,0.3557913928269076,97.25700605331294,2.3383694131103225,0.1394307227693111,0.5168965969891778,1.4199918345190372,0.063169455873591,0.6237690229153394,7.148881743985391,0.3057691288800683,3.685917496076942,0.129951879774029,0.3557114199304795,31.82638747165376,86.52552886005213,2.72949909046941,6.003267230345341,27.93176503147584,0.7399612918897653,0.0657403627092147,9.65924678132136,0.8899104726925507,1.3744100232463852,29.02727494284265,4.504183114489327,15.498825604672902,0.4861729149193085,2.333629991612681,11.1911501170105,4.324798558879686,-1.6266917656419635,4.525383107425011,1.6170591743379017,16.216180476320545,24.524950529096,5.088528642662448,0.0938591560560969,0.1439173726193487,4.361622583507754,8.990175368747266,3.2051255235390914,0.016090141038188,0.5985066924791925,1.3423543417450547,1.1868644927426788,0.6708898207980926,1.4949923920277568,2.2252772323421026,2.403834890823222,14.060047943399884,4.8119385346802135,25.637593936553493,1.3749349379490523,8.496563302037842,1.702507960039534,8.35922247779414,1.742176915557904,5.30419544394389,3.990565758318243,1.8470709585070075,2.135639592956392,2.0978937310949064,5.200249110301935,2.374395296103684,3.9758819849964646,2.910815211649903,1.4579455574047082,1.5636935398945777,2.728798530404263,2.5479306852287498,3.4084956991255284,3.234116560882354,1.6903587057340916,-0.0294985919033448,0.4385586497707261,1.3202684778180034
2022-09-30,0.5727414433753024,0.7826786984203421,1.5133826395237084,5.443079390060288,0.0780722001674291,30.48166649707348,0.2789821532455321,3.507785543338697,0.0856054826397249,2.7721498214630373,0.715417247774844,43.47229848765173,60.44460453386577,23.09411716784293,8.610484795512331,5.614292903121959,10.656965387046045,0.0166319223414322,39.130571848484834,0.4157980585358067,1.1087948227621514,1.384974415564121,1.9600231305191416,7.082630752970955,83.63570048418485,77.33028598455151,53.989543497675086,17.29434571900157,0.4076451554272615,0.2598737865848792,13.687426377072562,2.8373937656301846,3.3263012132857805,13.412789313538727,27.63002557679761,11.399552184430112,46.68705498660861,6.990942695055811,13.899813171856565,9.14696318573823,8.255490191540714,7.301203680390371,36.49048901952592,53.17762288358661,25.286270734016945,5.538288377017695,25.599378412274888,24.136441860735303,5.909071306140298,23.88252597115505,0.9188085369140326,5.901398511190008,29.71221588394675,7.3539066272931315,268.67224675268795,10.00452320110738,7.146316095725952,2.649132101369146,10.947106826421392,29.448726284833235,8.105644398031393,16.008913154828345,18.114624465152087,71.32758018743974,6.001166418125393,0.6861724582083678,3.988115949733447,4.028288279158884,3.012147776006044,15.314413199091362,0.8550414922864044,7.799203674761436,11.152031676635302,1.509523055192123,65.93553985497486,14.28174610910525,13.747170443406825,10.496862752251984,6.491343900894645,32.76954945408678,13.874179934926856,4.426884527425972,4.9119074594983925,20.24905971682721,7.239777960388165,10.728214438907736,3.011478585718894,15.54580278044076,0.4769448318498959,0.5798752335952795,7.105816780261412,22.005386130074463,13.464137316429236,29.811253274457805,40.01750701834116,3.854465612897643,15.119848242857485,10.528129135673254,13.918097280012944,2.3103528675368863,1.124524855675023,0.3260651686973808,3.451735353580337,2.0575889220191024,6.336843941116781,9.939520104622948,7.713339337448014,7.425227945468866,7.007868631465596,0.2844002954527654,0.1160536725013444,28.18458604624086,128.02381457801948,1.9791172295993549,38.14913174784839,5.4588849137603805,16.829630241814492,0.7101180238123518,3.0151469029435534,7.814707277707741,1.3196995991248883,7.673920050918197,6.063607546336995,0.1605100231330363,0.2478273586091078,81.80826801691998,1.7335110234544295,0.0807137407745977,0.3551526887628931,1.5445674939138938,0.0234803609526102,0.6175824104723012,6.410636030210285,0.2935045119076283,2.4840704469535093,0.1834403199422676,0.4922315251784183,35.11251546272717,80.58737077641533,2.843324959105149,7.647321204526569,24.435057753717803,0.4631868078542259,0.1987270132707899,8.630867053283696,0.9584145249250346,0.6369047908395534,23.079085252736554,3.2216196633416474,14.290000923502651,0.1284082239595873,1.2217125308155028,8.112138593002504,1.3513436902413718,0.2955427376847646,1.8955499727367664,1.5456600847988569,19.17492448393796,0.0508106536751761,8.265729179254144,0.533511863589349,0.6473277278217434,5.498619996182313,3.2232611776902984,2.8847276085002047,1.380493957749256,0.9597860134137064,1.7925124876601526,0.5784621180909376,0.5052396614664294,-0.2023654246567215,6.744525888010068,2.9946748918316017,15.42233871610886,6.914785769270107,32.39249290494548,1.7737445792753257,16.153632654745486,1.185479945492893,4.204548463074626,2.573627755896378,3.357082245006501,3.6542953020697646,1.035156911134545,0.9390047812487428,2.049526248934548,8.364864676994745,3.5238115618164194,5.761090868813709,3.514299553395157,2.0146603035708264,2.121477914851232,5.341757657523996,4.210001157563124,4.107668958357202,2.5042924931315222,0.7118166094662769,-0.056562419671206,0.3335542084593983,1.373399774283128
2022-10-31,1.0172,1.384,0.441,5.7709995,0.34272,47.977,0.2115,3.2299995,0.1275,2.881440864,0.3169998,42.591,64.431,24.505,8.608,4.971,6.1479,0.138379728,36.5958,0.4884,1.96,0.729,2.376864,8.3241,99.909,59.119,71.995,23.64,0.72,0.405,11.0271168,2.6922344016,3.3885976248,17.67296,39.0132,11.25136,77.29610510399999,8.864390700000001,8.27057,11.68281144,7.29837648,7.048277376,39.3944777856,45.4957725,28.5130944,8.242016328,17.51482584,18.95333256,20.86155,18.2441016,0.7223823,2.121457716,15.98509,1.991297196,426.0337,5.01112872,3.65438304,3.3962832,9.66885,33.589288499999995,12.19258368,16.3529625,10.61779608,32.8028835456,3.51505944,0.96388128,3.6533352,4.15687224,0.97818528,14.742968,1.866624768,9.14453388,10.1030454,1.31535576,20.42356896,13.369305,13.0422,81.4712,7.437820896,30.4722,13.12503075,0.6699924,5.7412272,18.7276,6.406000000000001,11.822484624,2.89486,22.9794,0.02,0.511,6.869440404,24.3459375,13.83735,21.4695,44.356602096,6.319873727999999,13.310946,10.16568,12.945824,2.650626,1.235459325,0.3645,3.69,1.88,7.32957,11.54942,7.398325,5.11083525,6.649308,0.407470656,0.121230468,29.354,152.8536,2.7208,52.754058912,6.4241991,16.9135,0.46720368,2.95561116,7.9561698048,2.47713984,11.1949995,4.093824,0.251999748,0.1512,184.051,0.984,0.09959976,0.1695,1.4496,0.1152,1.2120036,6.15728808,0.419,2.015039808,0.201,0.851,29.637,76.222,3.37,6.565,25.578233424,0.66585,0.35325,7.0281,1.33722,0.547680672,14.256,3.7756,21.0796,0.234,0.8424,11.81,2.3562,2.396,3.2934,3.3183072,20.83,17.6978,6.051993024,0.252,0.112,5.4572107968,4.252258752,6.0486633,1.8934272,0.22240464,1.9602426,1.235491,0.792095598,13.88166255,3.851967,2.41821288,26.113293,5.4899728128,31.780240296,0.1693456128,15.11218904,2.619716832,2.1022524,0.8540091,-0.5422122,0.2244726,4.5458928,2.3036634,2.73210192,6.00428925,2.04350175,4.727947,2.8615993,1.3570039,1.7037909,3.0093,2.7979,4.0116375,4.177993,-0.1138,-0.024,0.04421796,1.4719755
2022-11-30,0.5488,1.12,1.584,5.535,0.057792,24.945,0.3667499999999999,3.297,0.1294998,2.791196928,0.534,34.174,61.228,25.816,8.529,6.057,5.724,0.7017599999999999,36.1908,0.328,2.096,1.4489999999999998,2.059344,7.1847,76.9284,58.9,57.141,15.43,0.51,0.3975,12.35910144,2.59372116432,3.5981183376,15.259084,45.2292,13.507504,82.159099536,7.94784843,17.217345,13.06366992,6.87381984,6.951603456,33.601339296,37.4858385,33.3610368,5.21969508,24.88016736,21.00937104,29.993085,29.04175512,0.8821863,7.841283408,12.1847,10.991445444,203.6157,6.11069328,7.26899256,6.18167016,11.888925,24.0655125,12.02672592,17.3554125,11.1719628,63.3961992384,6.375216239999999,2.21750064,3.4999716,3.85806408,1.31618496,18.4492444,1.773111552,8.43532056,10.1192904,3.565458,61.08158448,15.6553875,13.842675,10.88775,7.716718368,26.578725,18.097695375,1.4304528,8.295105,23.305,6.439,6.802394688,2.72489,27.637575,0.44,0.477,6.3732046104,29.74335,20.150025,27.508239,47.711914128,5.231334528,11.398482,11.072112,13.46512,4.091787,1.6743315,0.56565,2.613,1.996,4.3304,7.575459,8.615785,4.332431175,5.853322,0.246998784,0.4556159999999999,42.2936,171.4412,2.3356,58.285530336,9.342,18.1705,1.47519936,3.95364456,10.3591052544,2.7014395968,8.4880095,5.0127168,0.1923596639999999,0.354483864,77.998,1.5730995,0.1512,0.310524,2.1096,0.03072,0.57,7.07860368,0.378,2.524895712,0.1665,0.654,37.49,81.1197,3.889,6.636,26.6908859352,0.87525,0.3075,7.0938,1.79418,1.028157984,13.40145,3.8312,16.4948,0.4589999999999999,2.0196,13.428,1.734,0.565,1.86,0.981,11.065,11.2539,7.367133312,0.2415,0.7455077,4.67851918464,2.883873888,3.7202715,1.4601537,0.90074928,0.97998,0.9816502,0.672180768,8.6388666,1.498476,2.75213016,15.9339675,5.791389408,36.825523392,1.4487129216,13.793654092,2.764227168,8.758836,1.8347526,7.3386576,5.931801,2.4542208,3.3283944,2.35679832,7.1326545,1.7236155,5.7809528,2.1202993,1.0853332,1.3787312,2.874935,2.366,4.1106,3.359193,-0.099166,-0.022,0.07850031,1.946199
2022-12-31,0.3688,0.688,0.7649990999999999,5.7940005,0.24192,67.247,0.24375,3.753999,0.1684998,2.922239808,0.4234998,45.968,65.065,27.072,6.982,5.84,5.4315,0.00816,35.32275,0.576,1.872,0.387,0.508032,6.5124,89.76,45.52,47.2,11.23,0.6000000000000001,0.4649999999999999,11.4410688,2.3153141328,4.0715367192,14.193336,38.5633512,8.60912,42.513650592,3.1932747,8.578570000000001,8.991509832,5.68363608,5.9626000896,28.9933366464,43.5447285,21.71069376,7.509127031999999,20.1075228,17.7069312,12.622575,16.32021624,0.5481846,4.311099828,14.9255,5.558555772,481.05468,6.21966312,4.80024288,1.71811944,5.088975,17.0699745,9.058060368,8.2661775,11.12462424,41.743138752,2.065218048,0.35630496,3.3170472,4.2059052,1.30129344,14.764396,0.9800841984,6.24624696,8.1053778,0.70622352,51.27739488,5.03055,5.709,14.43968,5.118191712,16.012552499999998,10.861825275,1.36920528,4.5109662,16.5541,5.073,8.70928632,2.491,18.8527125,1.058,0.429,6.8085277992,22.3829475,15.311325,15.04026,29.377126896,4.961682432,12.4160472,8.602,12.410528,1.93035933,1.0077375,0.3942,3.059,1.896,3.0166,9.058142,8.52832,4.98370425,6.5333321,-0.0221615999999999,0.1718599824,42.8544,172.71880000000002,1.7808,48.086539728,5.211,15.729,0.702,3.71220624,5.5877622528,1.2378308544,9.55356,3.1844736,0.175224168,0.139019328,77.87,1.13301,0.05080032,0.214248,0.9636,0.012288,0.4019999999999999,4.17788352,0.33,2.748584448,0.15,0.6464,32.997,97.3932,3.5580000000000003,6.467,20.098637424,0.65625,0.05925,8.8749,0.7344,0.78624,9.45675,1.9588,12.8256,0.108,1.0692,12.311,1.1424,0.204,3.2,4.032,12.235,6.92744,4.301598336,0.06895,0.0664923,3.2577418944,-0.243234432,3.1364388,0.1119024,0.66046152,0.5495814,0.7550287,0.394600248,5.077737,-0.0115905,1.45155024,14.546859,4.4252514432,7.62881952,1.1105369856,15.98551252,1.548894024,6.7990734,1.0080378,3.942972,2.4337746,0.8327574,1.9608804,1.20199248,5.457741,1.92933375,4.780783,3.7211524,1.2617724,1.4222782,1.5995,1.632498,3.222375,2.198994,1.7155,-0.0045,-0.06549444,2.3778915
2023-01-31,0.9652,0.8240000000000001,1.836,4.950996,0.420672,59.789,0.33525,4.0439985,0.3904998,2.795040864,0.498,47.678,71.355,28.725,9.184,5.907,8.559,0.03162,36.4689,0.7192,2.1516,0.8009999999999999,2.35872,6.858,91.3716,40.19,30.5,18.18,0.73,0.54,17.2072992,3.655210277,3.660655701,43.623016,90.55856,32.13772,58.947875088,9.95879547,11.471127,12.2674896,6.1885857600000005,6.664408934,33.459853589,27.50840085,43.721262144,6.117893064,20.30603904,13.14251424,30.1641,23.10962112,0.6229359,6.752650212,17.7646,7.654010112,416.5846,7.34613696,6.55090416,3.64497192,9.68025,32.40321795,11.16828,19.0086225,14.55893136,60.362647025,5.88087648,0.38543616,4.824309,4.540024956,1.34464608,45.599052,2.137541376,7.36585056,11.1093132,0.96231384,52.12299816,11.693025,11.2183575,58.43784,7.345060992,25.575525,19.645847025,34.43828256,7.395700199999999,22.22545,7.974,8.703138576,3.294,18.2184,0.76,0.936,8.358328404,29.6745,18.094125,20.233215,42.352616256000005,6.633039168,12.8974572,25.614792,34.76154,2.8722762,1.91200695,0.56835,4.738,2.74,9.12078,9.86207,6.076745,5.9787705,7.43346,-0.022903968,0.427683484,46.5168,202.5976,3.9336,69.70748544,12.033,20.354,0.52760016,7.3116,8.714443853,2.588107334,8.439999,6.986111999999999,0.185781708,0.388541664,139.062,2.49,0.17479872,0.261708,3.6788,0.1289594879999999,0.953502,5.44480272,0.737,3.648173472,0.2025,0.6950000000000001,41.8828,94.9032,4.353,7.328,34.603764271,1.065,0.501,8.9928,1.17504,1.105439328,29.38275,4.5332,19.39,0.4221,1.5309,14.25,2.0502,0.759,4.36,4.167,9.5925,37.1588,13.568339904,0.189,0.1813,5.710401846,-0.279045312,6.08046273,1.546866,1.08158616,1.7995356,2.187936,0.849497166,12.75180585,-0.016305,3.41933616,26.6905185,12.640963506,44.11356936,2.294757487,22.466985408000003,3.549501288,13.636314,2.859957,8.4318858,6.14439486,2.959407,3.9977514,2.88469584,9.78746625,2.4712215,8.6270359,5.019819,2.1898555,2.42655,3.8682,3.72897,5.7524519,3.466,2.4739,3.209,-0.00814185,4.242208499999999
2023-02-28,1.3336,0.92,1.4400000000000002,6.1879485,0.079296,92.99,0.2355,3.3829995,0.1279998,2.863681344,0.6779999999999999,47.199,67.926,26.283,9.306,5.589,7.6104,0.13056,36.4662,0.816,2.6356,1.107,1.841616,5.832,84.08879999999999,31.465,24.64,16.15,0.6,0.4125,8.6238432,2.706760419,2.671899819,37.45496,164.63888,23.9208,75.865550208,8.2195596,15.72209,15.23743128,8.06423364,6.214317851,33.159101067,52.0570155,20.13080832,5.391105336,28.64837016,20.0393064,28.943625,25.27820856,0.4968108,4.656384684,18.87845,5.405706936,307.09422,12.24008208,6.11936352,3.2252004,10.578375,26.717949,12.72146544,20.1649425,18.81181008,60.754032459,7.21371024,0.25186464,2.953888704,4.6845732,0.96538464,58.559920000000005,1.724785152,8.28110952,10.9630128,0.6963948,50.35267512,12.82725,11.97615,28.1744,6.231143808,23.49045,12.7523991,37.11397176,18.3955398,23.9004,8.096,16.267174608,2.457,19.4789625,1.207,0.6920000000000001,7.884802627,26.01209175,17.181,28.69191,54.871202736,5.718339648,10.802646,18.908112,35.3148,3.1582440000000003,0.5828895,1.0098,4.647,2.496,33.6319,13.21291,9.03371,4.28571375,8.05285,0.065783472,0.474147367,42.83688,518.1536,3.864,41.754045168,8.4851253,15.299,0.72208368,6.4614348,7.269436339,1.590631258,7.764299999999999,3.478272,0.305860212,0.167579496,124.251,1.61151,0.1008,0.565452,3.988096,0.12096,0.851502,5.80286016,0.428,3.554401824,0.2024999999999999,0.289,35.2333,92.331,4.29,7.267,24.797171729,0.603,0.426,6.0507,2.8968,0.454720896,16.0056,5.2876,18.342,0.205722,3.6855,11.269,1.326,1.458,2.61,1.872,10.53,22.74294,6.18463104,0.49,0.6719999999999999,4.878453486,-0.118272,4.2376698,1.4623506,0.41264952,0.8555382,1.6193247,0.495927684,10.4496945,-0.013842,2.57379264,17.2708755,5.403548102,34.96526544,1.299318212,17.216134,1.774266732,9.562005,2.1564126,6.1038162,4.6600902,2.008314,2.8766466,1.68591456,6.64857075,1.6885635,5.8532173,2.4157,1.2846099,1.37641,3.123988,2.4931998,4.4114395,1.811999,0.9125,4.7135,-0.0085136999999999,3.24702
2023-03-31,1.352,0.7767999999999999,1.458,5.316999,0.051072,81.346,0.183,2.9650005,0.1475004,2.584321632,1.224,45.936,59.016,24.941,7.739,4.789,8.082,0.17952,33.0156,1.128,2.6632,1.017,1.623888,5.60655,65.127,17.18,17.55,29.9,0.28,0.2175,9.64436928,2.476469851,2.30988964,90.012644,315.89248,55.430684,76.735071322,8.36700057,12.259884,16.543636416,11.45957976,4.448865794,27.413291807,29.75811,24.33677568,4.413366,19.1436768,14.693415984,30.790425,18.756874368,0.447057,7.474593924,26.9471,7.892858181,439.9663,7.460586,6.127380288,3.76585056,5.97951675,18.776196,8.66539368,18.385425,14.576886288,46.817068429,5.14112832,0.67600872,2.2352304,2.28007332,0.650521248,111.71632,2.351219942,10.030296312,12.1197846,1.26820512,48.9604356,14.7675,13.667625,19.19023,5.627797056,19.42575,12.149237775,44.28170712,34.25385942,20.10876,7.2196,8.54318952,2.3440000000000003,22.998,0.967,0.5112300000000001,6.794886980999999,23.9894175,15.888,18.579771,26.856369888,4.093947648,10.858644,37.87116,78.5369644,5.9366493,1.97802,1.09215,4.325,2.096,72.2213,8.7529,6.75002,6.16257975,6.81253,0.042373344,0.376060569,110.5372,672.7372,10.5436,59.437779456,7.7336253,21.085,0.82039968,5.42639952,6.992258918,1.30515719,7.768000499999999,2.84592,0.132720336,0.157498992,182.247,-0.283941,0.1812002399999999,0.347136,9.2112,0.0598402559999999,1.4154996000000002,5.85329616,0.8240000000000001,3.427843104,0.1425,0.248,53.479,101.704,4.299,8.596,20.730528,0.2654999999999999,0.2748,6.2334000000000005,0.6653802719999999,0.348318432,23.2308,19.39,56.912,0.29745,2.6352,12.851,1.2342,1.448,4.595,1.476,8.28,22.245517,4.302524352,0.09835,0.077,3.112853585,-0.0559104,3.7954719,1.2632139,-0.1202879999999999,-0.1161972,1.41772,0.754657722,7.0662228,1.8429945,2.9803896,9.265155,2.576698869,28.74625992,0.698464171,16.973690736,1.484125956,8.4897234,2.3134104,7.2442872,4.7356434,2.3053104,2.745999,2.06185176,1.41452625,1.01659125,2.3975,1.5883,2.34731,2.38084,2.4871,2.0433,3.321565,2.119555,1.0325,6.326560000000001,0.358717035,0.9169995
2023-04-30,1.032,0.432,0.774,4.430001,0.384384,64.026,0.195,3.24,0.12,2.255520384,0.636,32.232,63.141,23.248,6.66,6.14,5.8122,0.0408,36.4716,0.944,3.008,0.3833999999999999,1.524096,4.97745,42.13416,23.341,15.58,22.44,0.3,0.1575,5.30945856,1.638396221,1.960200781,18.8132,64.488728,12.23442,31.174319568,6.3633546,9.941877,7.55437392,3.22416504,4.081666181,18.281262987,15.20951295,11.4143232,5.697742824,11.50346592,9.05318136,14.998275,17.10979344,0.4242051,3.503139948,19.7475,4.030486992,208.8308,5.98179816,5.13331416,2.20209768,7.20525,9.0826875,25.25337144,9.187125,14.6363436,34.765451075,6.09898536,1.4050764,2.282148,1.8381936,0.66879936,25.608056,1.2344832,3.82946724,10.0566624,2.73441312,44.04916296,6.747,5.87205,9.3807,5.508772416,18.164325,11.71102755,11.74226328,8.2058934,15.55105,7.557,7.343675232,2.386,16.131,0.8400000000000001,0.44,4.118144608,16.924725,8.669175,17.960895,35.90127048,2.390423616,4.8087,13.75712,19.48268,2.9173131,1.34331525,0.7101,4.868,1.997,13.78519,8.50883,6.31418,4.6448272500000005,5.80375,0.063472464,0.243180158,43.1392,156.6252,3.1676,42.165438912,4.9950063,15.958,0.4104,8.60639904,6.60661801,1.190805235,7.0009995,1.931328,0.203699664,0.202019832,119.647,1.6909995,0.072,0.391884,2.46736,0.021759744,1.3915002,4.96239984,0.328,5.541600096,0.8775,0.238,38.257,73.258,2.5700000000000003,3.839,25.715184271,0.5235,0.17925,5.222700000000001,1.30458,0.58464,12.94785,3.1036,16.9196,0.612,2.76885,11.537,0.5202,0.252,2.44,2.6910000000000003,6.65,22.343,3.351225024,0.09765,0.098,3.873736743,-0.117096,3.8335491,1.5168591,-0.095994,-0.1020924,1.0657,0.997543134,4.5686382,3.9301395,1.75061232,10.9339695,2.917517702,35.536389840000005,0.880145282,37.567240604,2.998134324,2.6757396,1.1849166,6.7703418,4.6017936,1.5775776,2.1520674,1.16538912,3.35048325,1.5814815,6.1806493,3.92644,2.3443,2.9141,2.6754,2.2757,3.6916035,2.795,2.6433,5.217,0.59829,0.9049995
2023-05-31,0.9872,1.264,0.918,6.1390005,0.22848,88.809,0.20475,3.2719995,0.0664998,2.953442304,0.048,52.988,74.268,29.592,8.655,5.724,9.1539,0.05712,37.40715,0.6960000000000001,1.32,1.044,1.787184,5.8482,63.5358,18.38,22.38,42.96,0.41,0.2774999999999999,16.25219904,2.396775018,2.917834832,11.531356,25.369724,5.689736,36.230476867,8.383149,17.054467,9.20291904,5.42910708,6.81524874,33.544769933,43.273197,31.71422016,11.055532536,22.47124248,18.84866472,22.987725,23.68129896,0.563499,5.79066894,13.50614,7.247493036,206.594911,9.0468216,7.4592468,2.81980368,8.097,26.8689405,9.3016908,15.380775,16.76106,60.200981569,4.7143584,3.18686544,8.302788,7.5658698,1.03068864,9.7986728,1.10389248,5.44502844,10.4306664,5.13976392,56.79420048,11.15175,12.584775,5.4101,6.374783808,19.58625,12.347716275,1.99774368,0.110181,28.2465,9.995,14.211335232,2.764,15.63,0.806,0.461,6.41441996,26.0961375,16.448775,34.251354,46.799657136,5.44816944,11.620476,6.351144000000001,9.11504,3.4053282,0.7629757500000001,0.93555,4.772,2.359,11.6595,10.43437,8.10673,6.710988,7.3356,0.0437960639999999,0.241391052,14.3028,109.1176,1.2956,51.855438912,9.8632584,14.5079,1.234008,4.51492164,7.772064384,2.536798521,7.3611495,3.167808,0.3450383999999999,0.343561176,208.611,2.0450505,0.135576,0.2006879999999999,1.52464,0.194688,0.6535002,5.62440024,0.712,2.018246112,0.17175,0.525,41.331,110.274,3.829,7.579,26.73359424,0.729,0.3097499999999999,10.0935,1.48512,0.8064,26.0928,2.4332000000000003,7.892,0.3329999999999999,2.6136,15.992,3.0192,1.222,2.21,2.277,8.47,18.91742,5.162304,0.343,0.448,4.967862276,3.58314432,4.137183,1.2113703,-0.06307944,-0.0690993,1.7070721,0.710303202,7.79762235,4.126965,3.16952424,19.5170505,5.643104544,18.15473688,1.299277326,11.489195492,1.416691296,5.3872956,1.7339184,6.5320812,1.148571,2.2441392,2.6878338,2.91285072,5.2005615,1.42861275,5.4365843,2.4731,1.70555,1.659,3.288075,3.46864,4.52075,3.0683,0.3325,-0.097,0.485068335,2.619
2023-06-30,0.4512,1.2,3.105,5.4790005,0.43008,102.086,0.21825,2.6020005,0.096,2.770562016,0.816,49.483,73.516,26.85,9.504,6.199,6.0381,0.01632,47.4849,0.872,1.488,0.981,1.487808,11.41155,55.4472,17.68,33.57,4.31,0.5800000000000001,0.4425,10.8780672,3.11581166,2.921879862,21.853644,23.2930928,3.640912,35.351280768,6.615261,12.615433,10.81435752,5.17019868,6.65670217,31.196104123,41.707308,23.7550656,7.349737824,17.68494024,14.39817552,25.74474,22.65193728,0.5872716,5.751210276,26.29086,6.833536164,198.9758,8.25796944,7.50674376,4.29865632,11.1288375,25.0940595,6.7743518400000005,18.92805,14.77478448,54.28005177,4.56338088,0.81565488,3.7707648,4.2450936,1.008623712,6.58248,0.741789696,7.221516119999999,9.7097622,1.27385064,56.9301768,14.92425,10.549155,3.3944,6.699957984,30.82575,12.700907775,1.07455896,8.8401804,23.83479,11.224,10.465687968,2.209,17.946675,0.8694500000000001,0.429,7.151593632,21.05025,13.2711,22.73517,42.361837872,5.278279104,13.636458,7.53588,8.96304,2.3247747,1.0773675,0.6777,5.795,2.272,27.088800000000003,10.96162,8.68467,6.52243575,7.1286890000000005,0.0875976,0.346854354,32.602,120.428,2.12752,53.557945392,7.955999999999999,18.223,0.86359968,14.29739964,7.167133660999999,3.188102804,8.2069995,4.6358592,0.587235096,0.38178,161.4146,4.1389995,0.2875996799999999,0.215604,2.5504,0.038079744,1.4394804,6.4066456800000005,0.344,11.156265216,0.21,0.808,68.777,97.60505,3.75,21.7,26.392368773,0.9375,0.53475,12.5811,1.85436,0.805279104,17.8065,2.6796,12.0616,0.288,2.3328,19.887,6.8646,3.634,2.95,2.8080000000000003,9.2,17.24806,4.481120448,0.049,0.056,4.4180470640000005,5.6100912,3.5832258,1.4657625,-0.01463352,-0.029442,1.065954,0.389336598,7.68286155,2.7584745,2.76475608,11.968263,4.469550623,31.1776668,1.07729315,11.09467494,3.268974456,11.3764662,1.1454462,6.6125646,-0.6279966,1.6307478,2.794014,2.02548888,5.141115,1.07599425,4.848893,2.3345,0.8873690000000001,1.09305,2.89149,2.302958,3.26625,2.7215000000000003,-0.0355,-0.0395,0.434752035,3.2659995
